Generation,Individual,n1,n2,n3,lr,dr,l2,alpha,Accuracy,TP,FP,FN,TN
1,"[149, 104, 91, 0.006464643872646969, 0.16018784891861798, 0.005993151677778271, 0.18693433073266202]",149,104,91,0.006465,0.1602,0.005993,0.1869,0.8017,188,54,41,196
1,"[181, 138, 91, 0.0012162664115982441, 0.06404840665828247, 0.004193831103874407, 0.06081823448013028]",181,138,91,0.001216,0.064,0.004194,0.0608,0.7996,178,45,51,205
1,"[187, 147, 76, 0.007646682362531218, 0.21958093912151877, 0.0006601359370458759, 0.05008225481244677]",187,147,76,0.007647,0.2196,0.00066,0.0501,0.7641,198,82,31,168
1,"[190, 95, 92, 0.005812234807847734, 0.1780282787375638, 0.0020861691429335176, 0.2539550616148441]",190,95,92,0.005812,0.178,0.002086,0.254,0.666,219,150,10,100
1,"[160, 81, 36, 0.009607129388467792, 0.15151133999316813, 0.005453677348043984, 0.10380639532001207]",160,81,36,0.009607,0.1515,0.005454,0.1038,0.572,225,201,4,49
1,"[103, 94, 43, 0.006928778981736873, 0.07078064153305164, 0.00277449629368342, 0.17634354045701886]",103,94,43,0.006929,0.0708,0.002774,0.1763,0.7035,214,127,15,123
1,"[116, 64, 59, 0.009883226549987712, 0.2039572541140371, 0.00978673908098596, 0.2438599145891339]",116,64,59,0.009883,0.204,0.009787,0.2439,0.5553,228,212,1,38
1,"[136, 150, 90, 0.0053447567373898705, 0.16808519482979628, 0.0089768908367267, 0.13564290291601902]",136,150,90,0.005345,0.1681,0.008977,0.1356,0.7328,185,84,44,166
1,"[157, 143, 41, 0.0025733388248606677, 0.21637969562875858, 0.0055905474323612704, 0.17040576456807716]",157,143,41,0.002573,0.2164,0.005591,0.1704,0.7871,192,65,37,185
1,"[178, 126, 60, 0.002927153604722657, 0.029114328709321333, 0.0036110903869156262, 0.11365269515297008]",178,126,60,0.002927,0.0291,0.003611,0.1137,0.4885,227,243,2,7
1,"[110, 112, 58, 0.004671795929525377, 0.12704391321464537, 0.005615213815709204, 0.14929405833852907]",110,112,58,0.004672,0.127,0.005615,0.1493,0.6117,220,177,9,73
1,"[128, 127, 62, 0.009091571038521352, 0.05120047211108467, 0.009373166045610514, 0.012333310640525905]",128,127,62,0.009092,0.0512,0.009373,0.0123,0.4969,229,241,0,9
1,"[161, 144, 52, 0.00011178392149731481, 0.07546979180305655, 0.01, 0.06331173060411888]",161,144,52,0.000112,0.0755,0.01,0.0633,0.6555,202,138,27,112
1,"[160, 123, 81, 0.008406610445633607, 0.15252870320941625, 0.0032785669474779643, 0.2414677486455158]",160,123,81,0.008407,0.1525,0.003279,0.2415,0.7223,203,107,26,143
1,"[134, 144, 48, 0.007591425037642772, 0.18384603476987638, 0.006712777617084821, 0.20245629128079265]",134,144,48,0.007591,0.1838,0.006713,0.2025,0.7328,208,107,21,143
1,"[127, 109, 50, 0.0068004076426731565, 0.25196596599369203, 0.009287392875530369, 0.2623420447291603]",127,109,50,0.0068,0.252,0.009287,0.2623,0.5282,226,223,3,27
1,"[188, 120, 84, 0.00754684924284218, 0.2831393365721902, 0.0033589292274709337, 0.2646598161445244]",188,120,84,0.007547,0.2831,0.003359,0.2647,0.7871,168,41,61,209
1,"[188, 68, 55, 0.0053783460095371, 0.2842728666041455, 0.01, 0.05550063196720524]",188,68,55,0.005378,0.2843,0.01,0.0555,0.6555,219,155,10,95
1,"[183, 124, 87, 0.00012793790301599106, 0.2262721755998146, 0.008791738200327947, 0.29524842889429365]",183,124,87,0.000128,0.2263,0.008792,0.2952,0.5783,218,191,11,59
1,"[147, 81, 67, 0.009963472508467101, 0.10714376552400856, 0.0056969653316224665, 0.2036178794605885]",147,81,67,0.009963,0.1071,0.005697,0.2036,0.4781,229,250,0,0
1,"[200, 121, 32, 0.002148670946652552, 0.11900202424881828, 0.0025600977175432764, 0.15857301649711852]",200,121,32,0.002149,0.119,0.00256,0.1586,0.785,199,73,30,177
1,"[123, 133, 60, 0.0034082620922701247, 0.025797864683054957, 0.0021369459878720653, 0.2212495317378391]",123,133,60,0.003408,0.0258,0.002137,0.2212,0.7641,206,90,23,160
1,"[129, 80, 49, 0.005405671893319101, 0.2962444737423252, 0.0028141813932776737, 0.07970238963066043]",129,80,49,0.005406,0.2962,0.002814,0.0797,0.7453,204,97,25,153
1,"[173, 71, 46, 0.004414139818276098, 0.25205000315773524, 0.0010235539074996483, 0.010294092227821202]",173,71,46,0.004414,0.2521,0.001024,0.0103,0.7996,183,50,46,200
1,"[138, 111, 63, 0.007664831048103663, 0.20499024716562309, 0.00012640018501180198, 0.09476142614398934]",138,111,63,0.007665,0.205,0.000126,0.0948,0.7954,177,46,52,204
1,"[102, 136, 98, 0.005256228097555127, 0.2842986931313559, 0.008185286562294359, 0.21000858388764562]",102,136,98,0.005256,0.2843,0.008185,0.21,0.7808,190,66,39,184
1,"[162, 75, 32, 0.0061370745099233095, 0.07676928364678667, 0.008008038695033, 0.19607736362521666]",162,75,32,0.006137,0.0768,0.008008,0.1961,0.6701,220,149,9,101
1,"[173, 96, 44, 0.0046742894053110095, 0.14216302875000084, 0.0037091506775692572, 0.09529727909791573]",173,96,44,0.004674,0.1422,0.003709,0.0953,0.6764,218,144,11,106
1,"[129, 74, 62, 0.007172910069829498, 0.08707327243072609, 0.00496343269102096, 0.1780149167027074]",129,74,62,0.007173,0.0871,0.004963,0.178,0.6326,217,164,12,86
1,"[114, 139, 75, 0.007470950968194632, 0.07751245288993945, 0.008763994564015195, 0.22762320822030613]",114,139,75,0.007471,0.0775,0.008764,0.2276,0.5219,226,226,3,24
1,"[114, 69, 58, 0.004632281526910788, 0.13742236540344704, 0.009489842540991186, 0.11879747575778092]",114,69,58,0.004632,0.1374,0.00949,0.1188,0.7286,206,107,23,143
1,"[102, 111, 89, 0.005456880108418689, 0.1353544594884211, 0.005351900059771802, 0.13697645448406193]",102,111,89,0.005457,0.1354,0.005352,0.137,0.7495,198,89,31,161
1,"[101, 100, 48, 0.0008864566163809839, 0.20208318247987705, 0.009031006513513051, 0.21646825419736904]",101,100,48,0.000886,0.2021,0.009031,0.2165,0.762,203,88,26,162
1,"[150, 135, 42, 0.0010160172171795624, 0.1287341833369425, 0.005006819176310594, 0.026289150937750284]",150,135,42,0.001016,0.1287,0.005007,0.0263,0.7891,155,27,74,223
1,"[177, 100, 30, 0.0024253287255988558, 0.11376754274770709, 0.0012232666641390673, 0.0607259001080781]",177,100,30,0.002425,0.1138,0.001223,0.0607,0.7683,206,88,23,162
1,"[137, 65, 40, 0.0007646452425913184, 0.11277958737378023, 0.006517308930080333, 0.12571311941742708]",137,65,40,0.000765,0.1128,0.006517,0.1257,0.7704,192,73,37,177
1,"[165, 67, 40, 0.006839389224072461, 0.10189660934167552, 0.008262532356060576, 0.22317945086098476]",165,67,40,0.006839,0.1019,0.008263,0.2232,0.4948,229,242,0,8
1,"[116, 71, 72, 0.003904406254056281, 0.23305373427428208, 0.006097887896224057, 0.06913677501197893]",116,71,72,0.003904,0.2331,0.006098,0.0691,0.6493,220,159,9,91
1,"[177, 50, 81, 0.008440992141950139, 0.28268535153982394, 0.007975767857303863, 0.08425492882129822]",177,50,81,0.008441,0.2827,0.007976,0.0843,0.7328,208,107,21,143
1,"[147, 96, 41, 0.009713040282136121, 0.11029596897048395, 0.000789597652332117, 0.10559335203007215]",147,96,41,0.009713,0.1103,0.00079,0.1056,0.7098,214,124,15,126
1,"[181, 130, 61, 0.0029865495143693486, 0.1028346106223523, 0.009421561247681247, 0.02694614332848335]",181,130,61,0.002987,0.1028,0.009422,0.0269,0.7996,181,48,48,202
1,"[107, 93, 47, 0.001019749811010774, 0.2929638141970955, 0.002997574347436742, 0.15301347440248034]",107,93,47,0.00102,0.293,0.002998,0.153,0.7996,171,38,58,212
1,"[113, 137, 83, 0.004489673887401209, 0.2839131823963791, 0.008704157486029044, 0.2584088583546824]",113,137,83,0.00449,0.2839,0.008704,0.2584,0.666,218,149,11,101
1,"[113, 125, 72, 0.00028419014993989197, 0.19223814403055095, 0.004764421650256529, 0.18906243922991142]",113,125,72,0.000284,0.1922,0.004764,0.1891,0.7599,201,87,28,163
1,"[166, 105, 87, 0.008840490542124584, 0.12028609260751529, 0.001830008647912201, 0.28272428650672077]",166,105,87,0.00884,0.1203,0.00183,0.2827,0.81,181,43,48,207
1,"[104, 110, 47, 0.0021291623022691745, 0.2355336711000567, 0.0038652613707627795, 0.27487266050362774]",104,110,47,0.002129,0.2355,0.003865,0.2749,0.7683,182,64,47,186
1,"[185, 146, 38, 0.005277500014701656, 0.29345588910262926, 0.007625313169795858, 0.241200209787595]",185,146,38,0.005278,0.2935,0.007625,0.2412,0.7724,160,40,69,210
1,"[131, 126, 85, 0.0008970073527014864, 0.2042574457715074, 0.0002720628910471101, 0.1384006626138095]",131,126,85,0.000897,0.2043,0.000272,0.1384,0.8038,186,51,43,199
1,"[154, 131, 98, 0.009668342371777418, 0.22733170120920695, 0.007748508663688895, 0.03837910394497565]",154,131,98,0.009668,0.2273,0.007749,0.0384,0.6785,212,137,17,113
1,"[184, 140, 32, 0.007800791051062553, 0.014270544443002825, 0.009345011976352362, 0.19957139919158615]",184,140,32,0.007801,0.0143,0.009345,0.1996,0.4781,229,250,0,0
2,"[110, 112, 58, 0.004671795929525377, 0.12704391321464537, 0.005615213815709204, 0.14929405833852907]",110,112,58,0.004672,0.127,0.005615,0.1493,0.7453,187,80,42,170
2,"[161, 143, 52, 0.00011178392149731481, 0.07546979180305655, 0.01, 0.06331173060411888]",161,143,52,0.000112,0.0755,0.01,0.0633,0.6013,218,180,11,70
2,"[150, 135, 42, 0.0010160172171795624, 0.1287341833369425, 0.005006819176310594, 0.18693433073266202]",150,135,42,0.001016,0.1287,0.005007,0.1869,0.7933,179,49,50,201
2,"[149, 104, 91, 0.006464643872646969, 0.16018784891861798, 0.005993151677778271, 0.026289150937750284]",149,104,91,0.006465,0.1602,0.005993,0.0263,0.5261,229,227,0,23
2,"[181, 138, 91, 0.0012162664115982441, 0.12028609260751529, 0.001830008647912201, 0.28272428650672077]",181,138,91,0.001216,0.1203,0.00183,0.2827,0.7182,203,109,26,141
2,"[166, 105, 87, 0.008840490542124584, 0.13762106577724686, 0.0001, 0.06081823448013028]",166,105,87,0.00884,0.1376,0.0001,0.0608,0.8163,185,44,44,206
2,"[185, 146, 38, 0.005277500014701656, 0.29345588910262926, 0.007625313169795858, 0.241200209787595]",185,146,38,0.005278,0.2935,0.007625,0.2412,0.7474,200,92,29,158
2,"[107, 93, 47, 0.001019749811010774, 0.2929638141970955, 0.002997574347436742, 0.15301347440248034]",107,93,47,0.00102,0.293,0.002998,0.153,0.7975,184,52,45,198
2,"[103, 104, 91, 0.006464643872646969, 0.07078064153305164, 0.00277449629368342, 0.17634354045701886]",103,104,91,0.006465,0.0708,0.002774,0.1763,0.7766,182,60,47,190
2,"[149, 94, 43, 0.006928778981736873, 0.16018784891861798, 0.005993151677778271, 0.18693433073266202]",149,94,43,0.006929,0.1602,0.005993,0.1869,0.7349,201,99,28,151
2,"[200, 121, 32, 0.002148670946652552, 0.029701046565747125, 0.0025600977175432764, 0.15857301649711852]",200,121,32,0.002149,0.0297,0.00256,0.1586,0.762,173,58,56,192
2,"[160, 123, 81, 0.008406610445633607, 0.15252870320941625, 0.0032785669474779643, 0.2414677486455158]",160,123,81,0.008407,0.1525,0.003279,0.2415,0.666,215,146,14,104
2,"[102, 111, 89, 0.005456880108418689, 0.1353544594884211, 0.005351900059771802, 0.3]",102,111,89,0.005457,0.1354,0.005352,0.3,0.7182,204,110,25,140
2,"[154, 131, 98, 0.009668342371777418, 0.22733170120920695, 0.007748508663688895, 0.03837910394497565]",154,131,98,0.009668,0.2273,0.007749,0.0384,0.7787,206,83,23,167
2,"[166, 126, 87, 0.008840490542124584, 0.12028609260751529, 0.001830008647912201, 0.28272428650672077]",166,126,87,0.00884,0.1203,0.00183,0.2827,0.7683,139,21,90,229
2,"[131, 105, 85, 0.0008970073527014864, 0.2042574457715074, 0.01, 0.1384006626138095]",131,105,85,0.000897,0.2043,0.01,0.1384,0.6681,210,140,19,110
2,"[102, 136, 98, 0.005256228097555127, 0.25205000315773524, 0.0010235539074996483, 0.21000858388764562]",102,136,98,0.005256,0.2521,0.001024,0.21,0.7912,173,44,56,206
2,"[173, 71, 46, 0.004414139818276098, 0.2842986931313559, 0.008185286562294359, 0.010294092227821202]",173,71,46,0.004414,0.2843,0.008185,0.0103,0.7578,195,82,34,168
2,"[150, 135, 42, 0.004632281526910788, 0.1287341833369425, 0.005006819176310594, 0.026289150937750284]",150,135,42,0.004632,0.1287,0.005007,0.0263,0.7328,210,109,19,141
2,"[114, 69, 58, 0.0010160172171795624, 0.13742236540344704, 0.009489842540991186, 0.11879747575778092]",114,69,58,0.001016,0.1374,0.00949,0.1188,0.7683,198,80,31,170
2,"[104, 110, 47, 0.0021291623022691745, 0.25205000315773524, 0.0010235539074996483, 0.27487266050362774]",104,110,47,0.002129,0.2521,0.001024,0.2749,0.7578,193,80,36,170
2,"[173, 71, 46, 0.004414139818276098, 0.2355336711000567, 0.0038652613707627795, 0.010294092227821202]",173,71,46,0.004414,0.2355,0.003865,0.0103,0.7119,203,112,26,138
2,"[181, 130, 61, 0.0012162664115982441, 0.06404840665828247, 0.004193831103874407, 0.06081823448013028]",181,130,61,0.001216,0.064,0.004194,0.0608,0.7662,188,71,41,179
2,"[181, 138, 91, 0.0029865495143693486, 0.1028346106223523, 0.009421561247681247, 0.02694614332848335]",181,138,91,0.002987,0.1028,0.009422,0.0269,0.5971,222,186,7,64
2,"[104, 110, 47, 0.0021291623022691745, 0.2355336711000567, 0.0038652613707627795, 0.27487266050362774]",104,110,47,0.002129,0.2355,0.003865,0.2749,0.7724,171,51,58,199
2,"[104, 110, 47, 0.0021291623022691745, 0.2355336711000567, 0.0038652613707627795, 0.27487266050362774]",104,110,47,0.002129,0.2355,0.003865,0.2749,0.7704,181,62,48,188
2,"[187, 147, 76, 0.007646682362531218, 0.21958093912151877, 0.0006601359370458759, 0.05008225481244677]",187,147,76,0.007647,0.2196,0.00066,0.0501,0.785,190,64,39,186
2,"[102, 136, 98, 0.005256228097555127, 0.2842986931313559, 0.008185286562294359, 0.21000858388764562]",102,136,98,0.005256,0.2843,0.008185,0.21,0.5783,225,198,4,52
2,"[173, 138, 46, 0.004414139818276098, 0.25205000315773524, 0.0010235539074996483, 0.010294092227821202]",173,138,46,0.004414,0.2521,0.001024,0.0103,0.7745,180,59,49,191
2,"[181, 71, 91, 0.0012162664115982441, 0.06404840665828247, 0.0001, 0.06081823448013028]",181,71,91,0.001216,0.064,0.0001,0.0608,0.7161,215,122,14,128
2,"[107, 93, 47, 0.001019749811010774, 0.2929638141970955, 0.002997574347436742, 0.15301347440248034]",107,93,47,0.00102,0.293,0.002998,0.153,0.7432,191,85,38,165
2,"[173, 71, 46, 0.004414139818276098, 0.25205000315773524, 0.0010235539074996483, 0.010294092227821202]",173,71,46,0.004414,0.2521,0.001024,0.0103,0.762,194,79,35,171
2,"[123, 133, 60, 0.0034082620922701247, 0.025797864683054957, 0.0021369459878720653, 0.2212495317378391]",123,133,60,0.003408,0.0258,0.002137,0.2212,0.6054,221,181,8,69
2,"[104, 110, 47, 0.0021291623022691745, 0.2355336711000567, 0.0038652613707627795, 0.27487266050362774]",104,110,47,0.002129,0.2355,0.003865,0.2749,0.785,183,57,46,193
2,"[150, 135, 42, 0.0010160172171795624, 0.2842986931313559, 0.008185286562294359, 0.21000858388764562]",150,135,42,0.001016,0.2843,0.008185,0.21,0.7411,199,94,30,156
2,"[102, 136, 98, 0.005256228097555127, 0.1287341833369425, 0.005006819176310594, 0.026289150937750284]",102,136,98,0.005256,0.1287,0.005007,0.0263,0.7704,157,38,72,212
2,"[131, 104, 84, 0.0008970073527014864, 0.2042574457715074, 0.0002720628910471101, 0.08489009302372921]",131,104,84,0.000897,0.2043,0.000272,0.0849,0.7161,210,117,19,133
2,"[149, 126, 91, 0.006464643872646969, 0.16018784891861798, 0.005993151677778271, 0.18693433073266202]",149,126,91,0.006465,0.1602,0.005993,0.1869,0.691,211,130,18,120
2,"[166, 105, 98, 0.005256228097555127, 0.2842986931313559, 0.001830008647912201, 0.28272428650672077]",166,105,98,0.005256,0.2843,0.00183,0.2827,0.7808,185,61,44,189
2,"[102, 136, 87, 0.008840490542124584, 0.12028609260751529, 0.008185286562294359, 0.21000858388764562]",102,136,87,0.00884,0.1203,0.008185,0.21,0.572,224,200,5,50
2,"[173, 71, 46, 0.004414139818276098, 0.25205000315773524, 0.0010235539074996483, 0.010294092227821202]",173,71,46,0.004414,0.2521,0.001024,0.0103,0.7975,190,58,39,192
2,"[136, 150, 90, 0.0053447567373898705, 0.16808519482979628, 0.0089768908367267, 0.13564290291601902]",136,150,90,0.005345,0.1681,0.008977,0.1356,0.5365,226,219,3,31
2,"[149, 104, 91, 0.006464643872646969, 0.16018784891861798, 0.005993151677778271, 0.18693433073266202]",149,104,91,0.006465,0.1602,0.005993,0.1869,0.6033,216,177,13,73
2,"[177, 50, 81, 0.008440992141950139, 0.28268535153982394, 0.007975767857303863, 0.08425492882129822]",177,50,81,0.008441,0.2827,0.007976,0.0843,0.6117,223,180,6,70
2,"[150, 135, 42, 0.0010160172171795624, 0.1287341833369425, 0.005006819176310594, 0.010294092227821202]",150,135,42,0.001016,0.1287,0.005007,0.0103,0.7871,184,57,45,193
2,"[173, 71, 46, 0.004414139818276098, 0.25205000315773524, 0.0010235539074996483, 0.026289150937750284]",173,71,46,0.004414,0.2521,0.001024,0.0263,0.7683,204,86,25,164
2,"[102, 111, 89, 0.005456880108418689, 0.21637969562875858, 0.0055905474323612704, 0.17040576456807716]",102,111,89,0.005457,0.2164,0.005591,0.1704,0.7745,199,78,30,172
2,"[157, 143, 41, 0.0025733388248606677, 0.1353544594884211, 0.005351900059771802, 0.13697645448406193]",157,143,41,0.002573,0.1354,0.005352,0.137,0.7474,182,74,47,176
2,"[185, 146, 38, 0.005277500014701656, 0.29345588910262926, 0.007625313169795858, 0.241200209787595]",185,146,38,0.005278,0.2935,0.007625,0.2412,0.6701,212,141,17,109
2,"[185, 146, 38, 0.005277500014701656, 0.29345588910262926, 0.007625313169795858, 0.241200209787595]",185,146,38,0.005278,0.2935,0.007625,0.2412,0.572,224,200,5,50
3,"[166, 126, 87, 0.008840490542124584, 0.07078064153305164, 0.001830008647912201, 0.28272428650672077]",166,126,87,0.00884,0.0708,0.00183,0.2827,0.739,206,102,23,148
3,"[103, 104, 91, 0.006464643872646969, 0.12028609260751529, 0.00277449629368342, 0.17634354045701886]",103,104,91,0.006465,0.1203,0.002774,0.1763,0.7578,196,83,33,167
3,"[114, 69, 47, 0.0021291623022691745, 0.2355336711000567, 0.009489842540991186, 0.11879747575778092]",114,69,47,0.002129,0.2355,0.00949,0.1188,0.7912,182,53,47,197
3,"[104, 110, 58, 0.0010160172171795624, 0.13742236540344704, 0.0038652613707627795, 0.27487266050362774]",104,110,58,0.001016,0.1374,0.003865,0.2749,0.7662,202,85,27,165
3,"[173, 93, 47, 0.001019749811010774, 0.2929638141970955, 0.002997574347436742, 0.010294092227821202]",173,93,47,0.00102,0.293,0.002998,0.0103,0.7724,175,55,54,195
3,"[107, 71, 46, 0.004414139818276098, 0.25205000315773524, 0.0010235539074996483, 0.15301347440248034]",107,71,46,0.004414,0.2521,0.001024,0.153,0.7662,199,82,30,168
3,"[102, 111, 89, 0.005456880108418689, 0.21637969562875858, 0.0055905474323612704, 0.17040576456807716]",102,111,89,0.005457,0.2164,0.005591,0.1704,0.5929,222,188,7,62
3,"[200, 121, 32, 0.002148670946652552, 0.029701046565747125, 0.0025600977175432764, 0.15857301649711852]",200,121,32,0.002149,0.0297,0.00256,0.1586,0.6284,220,169,9,81
3,"[150, 135, 42, 0.0010160172171795624, 0.1287341833369425, 0.001830008647912201, 0.28272428650672077]",150,135,42,0.001016,0.1287,0.00183,0.2827,0.7724,194,74,35,176
3,"[166, 126, 87, 0.008840490542124584, 0.12028609260751529, 0.005006819176310594, 0.18693433073266202]",166,126,87,0.00884,0.1203,0.005007,0.1869,0.6889,205,125,24,125
3,"[173, 71, 46, 0.004414139818276098, 0.25205000315773524, 0.004193831103874407, 0.06081823448013028]",173,71,46,0.004414,0.2521,0.004194,0.0608,0.7307,202,102,27,148
3,"[181, 130, 61, 0.0012162664115982441, 0.06404840665828247, 0.0010235539074996483, 0.026289150937750284]",181,130,61,0.001216,0.064,0.001024,0.0263,0.6117,219,176,10,74
3,"[104, 110, 47, 0.0021291623022691745, 0.2355336711000567, 0.0038652613707627795, 0.27487266050362774]",104,110,47,0.002129,0.2355,0.003865,0.2749,0.7871,176,49,53,201
3,"[104, 110, 47, 0.0021291623022691745, 0.2355336711000567, 0.0038652613707627795, 0.27487266050362774]",104,110,47,0.002129,0.2355,0.003865,0.2749,0.762,185,70,44,180
3,"[107, 93, 42, 0.0010160172171795624, 0.1287341833369425, 0.002997574347436742, 0.15301347440248034]",107,93,42,0.001016,0.1287,0.002998,0.153,0.7996,171,38,58,212
3,"[150, 135, 47, 0.001019749811010774, 0.2929638141970955, 0.005006819176310594, 0.010294092227821202]",150,135,47,0.00102,0.293,0.005007,0.0103,0.7662,194,77,35,173
3,"[166, 105, 98, 0.005256228097555127, 0.2842986931313559, 0.001830008647912201, 0.28272428650672077]",166,105,98,0.005256,0.2843,0.00183,0.2827,0.7516,184,74,45,176
3,"[150, 135, 42, 0.0010160172171795624, 0.1287341833369425, 0.005006819176310594, 0.010294092227821202]",150,135,42,0.001016,0.1287,0.005007,0.0103,0.8121,186,47,43,203
3,"[166, 126, 87, 0.008840490542124584, 0.12028609260751529, 0.001830008647912201, 0.28272428650672077]",166,126,87,0.00884,0.1203,0.00183,0.2827,0.6931,205,123,24,127
3,"[107, 93, 47, 0.001019749811010774, 0.2929638141970955, 0.002997574347436742, 0.15301347440248034]",107,93,47,0.00102,0.293,0.002998,0.153,0.7975,171,39,58,211
3,"[185, 146, 38, 0.005277500014701656, 0.29345588910262926, 0.007625313169795858, 0.241200209787595]",185,146,38,0.005278,0.2935,0.007625,0.2412,0.785,168,42,61,208
3,"[154, 131, 98, 0.009668342371777418, 0.22733170120920695, 0.007748508663688895, 0.03837910394497565]",154,131,98,0.009668,0.2273,0.007749,0.0384,0.4864,229,246,0,4
3,"[150, 135, 42, 0.0010160172171795624, 0.1287341833369425, 0.005006819176310594, 0.18693433073266202]",150,135,42,0.001016,0.1287,0.005007,0.1869,0.7223,201,105,28,145
3,"[107, 93, 47, 0.001019749811010774, 0.2929638141970955, 0.002997574347436742, 0.15301347440248034]",107,93,47,0.00102,0.293,0.002998,0.153,0.7683,176,58,53,192
3,"[104, 110, 46, 0.004414139818276098, 0.25205000315773524, 0.0038652613707627795, 0.27487266050362774]",104,110,46,0.004414,0.2521,0.003865,0.2749,0.7265,205,107,24,143
3,"[173, 71, 47, 0.0021291623022691745, 0.2355336711000567, 0.0010235539074996483, 0.010294092227821202]",173,71,47,0.002129,0.2355,0.001024,0.0103,0.7704,182,63,47,187
3,"[173, 71, 46, 0.0012162664115982441, 0.06404840665828247, 0.004193831103874407, 0.06081823448013028]",173,71,46,0.001216,0.064,0.004194,0.0608,0.6409,217,160,12,90
3,"[181, 130, 61, 0.004414139818276098, 0.25205000315773524, 0.0010235539074996483, 0.010294092227821202]",181,130,61,0.004414,0.2521,0.001024,0.0103,0.7829,177,52,52,198
3,"[149, 104, 91, 0.006464643872646969, 0.16018784891861798, 0.005993151677778271, 0.18693433073266202]",149,104,91,0.006465,0.1602,0.005993,0.1869,0.6075,221,180,8,70
3,"[104, 110, 47, 0.0021291623022691745, 0.2355336711000567, 0.0038652613707627795, 0.27487266050362774]",104,110,47,0.002129,0.2355,0.003865,0.2749,0.7829,188,63,41,187
3,"[150, 135, 42, 0.0010160172171795624, 0.1287341833369425, 0.005006819176310594, 0.010294092227821202]",150,135,42,0.001016,0.1287,0.005007,0.0103,0.7516,205,95,24,155
3,"[150, 135, 42, 0.0001, 0.1680189034757198, 0.005006819176310594, 0.18693433073266202]",150,135,42,0.0001,0.168,0.005007,0.1869,0.7223,197,101,32,149
3,"[166, 125, 87, 0.01, 0.1673144705293259, 0.001830008647912201, 0.28272428650672077]",166,125,87,0.01,0.1673,0.00183,0.2827,0.7223,204,108,25,142
3,"[181, 71, 91, 0.0012162664115982441, 0.06404840665828247, 0.0001, 0.06081823448013028]",181,71,91,0.001216,0.064,0.0001,0.0608,0.7098,216,126,13,124
3,"[154, 131, 98, 0.009668342371777418, 0.22733170120920695, 0.0038652613707627795, 0.27487266050362774]",154,131,98,0.009668,0.2273,0.003865,0.2749,0.7599,156,42,73,208
3,"[104, 110, 47, 0.0021291623022691745, 0.2355336711000567, 0.007748508663688895, 0.03837910394497565]",104,110,47,0.002129,0.2355,0.007749,0.0384,0.7891,177,49,52,201
3,"[102, 136, 98, 0.005256228097555127, 0.25205000315773524, 0.0010235539074996483, 0.21000858388764562]",102,136,98,0.005256,0.2521,0.001024,0.21,0.785,183,57,46,193
3,"[166, 105, 87, 0.008840490542124584, 0.13762106577724686, 0.0001, 0.06081823448013028]",166,105,87,0.00884,0.1376,0.0001,0.0608,0.762,196,81,33,169
3,"[166, 105, 46, 0.004414139818276098, 0.2842986931313559, 0.008185286562294359, 0.28272428650672077]",166,105,46,0.004414,0.2843,0.008185,0.2827,0.6868,207,128,22,122
3,"[173, 71, 98, 0.005256228097555127, 0.2842986931313559, 0.001830008647912201, 0.010294092227821202]",173,71,98,0.005256,0.2843,0.00183,0.0103,0.7557,206,94,23,156
3,"[173, 71, 46, 0.004414139818276098, 0.25205000315773524, 0.001830008647912201, 0.010294092227821202]",173,71,46,0.004414,0.2521,0.00183,0.0103,0.7891,191,63,38,187
3,"[166, 105, 98, 0.005256228097555127, 0.2842986931313559, 0.0010235539074996483, 0.28272428650672077]",166,105,98,0.005256,0.2843,0.001024,0.2827,0.7829,178,53,51,197
3,"[102, 136, 98, 0.005456880108418689, 0.25205000315773524, 0.0010235539074996483, 0.21000858388764562]",102,136,98,0.005457,0.2521,0.001024,0.21,0.785,199,73,30,177
3,"[102, 111, 89, 0.005256228097555127, 0.21637969562875858, 0.0055905474323612704, 0.17040576456807716]",102,111,89,0.005256,0.2164,0.005591,0.1704,0.6701,212,141,17,109
3,"[102, 111, 89, 0.005456880108418689, 0.21637969562875858, 0.0055905474323612704, 0.17040576456807716]",102,111,89,0.005457,0.2164,0.005591,0.1704,0.7557,203,91,26,159
3,"[173, 71, 46, 0.004414139818276098, 0.25205000315773524, 0.0010235539074996483, 0.010294092227821202]",173,71,46,0.004414,0.2521,0.001024,0.0103,0.7704,202,83,27,167
3,"[102, 111, 89, 0.005456880108418689, 0.21637969562875858, 0.0055905474323612704, 0.17040576456807716]",102,111,89,0.005457,0.2164,0.005591,0.1704,0.7495,197,88,32,162
3,"[102, 111, 89, 0.005456880108418689, 0.21637969562875858, 0.0055905474323612704, 0.17040576456807716]",102,111,89,0.005457,0.2164,0.005591,0.1704,0.6973,212,128,17,122
3,"[114, 93, 47, 0.001019749811010774, 0.2929638141970955, 0.009489842540991186, 0.11879747575778092]",114,93,47,0.00102,0.293,0.00949,0.1188,0.7557,194,82,35,168
3,"[107, 69, 58, 0.0010160172171795624, 0.13742236540344704, 0.002997574347436742, 0.15301347440248034]",107,69,58,0.001016,0.1374,0.002998,0.153,0.6534,208,145,21,105
4,"[173, 71, 46, 0.0021291623022691745, 0.25205000315773524, 0.0010235539074996483, 0.010294092227821202]",173,71,46,0.002129,0.2521,0.001024,0.0103,0.7996,171,38,58,212
4,"[104, 110, 47, 0.004414139818276098, 0.2355336711000567, 0.0038652613707627795, 0.27487266050362774]",104,110,47,0.004414,0.2355,0.003865,0.2749,0.6722,209,137,20,113
4,"[173, 93, 47, 0.001019749811010774, 0.2929638141970955, 0.002997574347436742, 0.010294092227821202]",173,93,47,0.00102,0.293,0.002998,0.0103,0.7871,168,41,61,209
4,"[107, 93, 42, 0.0010160172171795624, 0.1287341833369425, 0.002997574347436742, 0.15301347440248034]",107,93,42,0.001016,0.1287,0.002998,0.153,0.7307,203,103,26,147
4,"[107, 71, 46, 0.004414139818276098, 0.25205000315773524, 0.0010235539074996483, 0.010294092227821202]",107,71,46,0.004414,0.2521,0.001024,0.0103,0.7808,202,78,27,172
4,"[173, 71, 47, 0.0021291623022691745, 0.2355336711000567, 0.0010235539074996483, 0.15301347440248034]",173,71,47,0.002129,0.2355,0.001024,0.153,0.7537,207,96,22,154
4,"[173, 71, 46, 0.004414139818276098, 0.25205000315773524, 0.001830008647912201, 0.010294092227821202]",173,71,46,0.004414,0.2521,0.00183,0.0103,0.7411,195,90,34,160
4,"[107, 93, 47, 0.001019749811010774, 0.28542290461652214, 0.002997574347436742, 0.15301347440248034]",107,93,47,0.00102,0.2854,0.002998,0.153,0.7557,197,85,32,165
4,"[104, 110, 47, 0.0021291623022691745, 0.2342084288825935, 0.007748508663688895, 0.03837910394497565]",104,110,47,0.002129,0.2342,0.007749,0.0384,0.8121,174,35,55,215
4,"[173, 71, 98, 0.005256228097555127, 0.2842986931313559, 0.001830008647912201, 0.010294092227821202]",173,71,98,0.005256,0.2843,0.00183,0.0103,0.7223,211,115,18,135
4,"[150, 135, 42, 0.0010160172171795624, 0.1287341833369425, 0.001830008647912201, 0.28272428650672077]",150,135,42,0.001016,0.1287,0.00183,0.2827,0.7724,200,80,29,170
4,"[104, 110, 47, 0.0021291623022691745, 0.2355336711000567, 0.0038652613707627795, 0.27487266050362774]",104,110,47,0.002129,0.2355,0.003865,0.2749,0.7704,197,78,32,172
4,"[150, 135, 42, 0.0010160172171795624, 0.1287341833369425, 0.01, 0.28272428650672077]",150,135,42,0.001016,0.1287,0.01,0.2827,0.6138,220,176,9,74
4,"[107, 71, 46, 0.004414139818276098, 0.25205000315773524, 0.0010235539074996483, 0.15301347440248034]",107,71,46,0.004414,0.2521,0.001024,0.153,0.7975,184,52,45,198
4,"[173, 71, 47, 0.004414139818276098, 0.25205000315773524, 0.0010235539074996483, 0.010294092227821202]",173,71,47,0.004414,0.2521,0.001024,0.0103,0.7599,188,74,41,176
4,"[173, 92, 46, 0.001019749811010774, 0.2929638141970955, 0.002997574347436742, 0.010294092227821202]",173,92,46,0.00102,0.293,0.002998,0.0103,0.6493,217,156,12,94
4,"[107, 93, 42, 0.0010160172171795624, 0.1287341833369425, 0.002997574347436742, 0.15301347440248034]",107,93,42,0.001016,0.1287,0.002998,0.153,0.7829,197,72,32,178
4,"[154, 131, 98, 0.009668342371777418, 0.22733170120920695, 0.0038652613707627795, 0.27487266050362774]",154,131,98,0.009668,0.2273,0.003865,0.2749,0.595,217,182,12,68
4,"[173, 71, 46, 0.004414139818276098, 0.25205000315773524, 0.001830008647912201, 0.010294092227821202]",173,71,46,0.004414,0.2521,0.00183,0.0103,0.7599,190,76,39,174
4,"[173, 93, 47, 0.001019749811010774, 0.2929638141970955, 0.002997574347436742, 0.010294092227821202]",173,93,47,0.00102,0.293,0.002998,0.0103,0.5699,218,195,11,55
4,"[150, 135, 47, 0.001019749811010774, 0.2929638141970955, 0.005006819176310594, 0.010294092227821202]",150,135,47,0.00102,0.293,0.005007,0.0103,0.7975,178,46,51,204
4,"[150, 135, 42, 0.0010160172171795624, 0.1287341833369425, 0.001830008647912201, 0.28272428650672077]",150,135,42,0.001016,0.1287,0.00183,0.2827,0.7954,172,41,57,209
4,"[102, 136, 98, 0.01, 0.13742236540344704, 0.0038652613707627795, 0.2505511327133534]",102,136,98,0.01,0.1374,0.003865,0.2506,0.6159,225,180,4,70
4,"[104, 110, 58, 0.005256228097555127, 0.2420110587083701, 0.01, 0.15611223642254252]",104,110,58,0.005256,0.242,0.01,0.1561,0.5449,227,216,2,34
4,"[107, 93, 47, 0.001019749811010774, 0.2929638141970955, 0.002997574347436742, 0.010294092227821202]",107,93,47,0.00102,0.293,0.002998,0.0103,0.7787,194,71,35,179
4,"[173, 93, 47, 0.001019749811010774, 0.2929638141970955, 0.002997574347436742, 0.15301347440248034]",173,93,47,0.00102,0.293,0.002998,0.153,0.7056,205,117,24,133
4,"[102, 69, 47, 0.005456880108418689, 0.21637969562875858, 0.0055905474323612704, 0.17040576456807716]",102,69,47,0.005457,0.2164,0.005591,0.1704,0.7516,204,94,25,156
4,"[114, 111, 89, 0.0021291623022691745, 0.2355336711000567, 0.009489842540991186, 0.11879747575778092]",114,111,89,0.002129,0.2355,0.00949,0.1188,0.7516,203,93,26,157
4,"[166, 146, 38, 0.005277500014701656, 0.29345588910262926, 0.007625313169795858, 0.241200209787595]",166,146,38,0.005278,0.2935,0.007625,0.2412,0.7787,182,59,47,191
4,"[185, 105, 98, 0.005256228097555127, 0.2842986931313559, 0.0010235539074996483, 0.28272428650672077]",185,105,98,0.005256,0.2843,0.001024,0.2827,0.7745,174,53,55,197
4,"[104, 110, 47, 0.0021291623022691745, 0.2355336711000567, 0.0038652613707627795, 0.27487266050362774]",104,110,47,0.002129,0.2355,0.003865,0.2749,0.7683,187,69,42,181
4,"[107, 93, 42, 0.0010160172171795624, 0.1287341833369425, 0.002997574347436742, 0.15301347440248034]",107,93,42,0.001016,0.1287,0.002998,0.153,0.7161,208,115,21,135
4,"[107, 93, 47, 0.001019749811010774, 0.2929638141970955, 0.002997574347436742, 0.15301347440248034]",107,93,47,0.00102,0.293,0.002998,0.153,0.737,197,94,32,156
4,"[150, 135, 42, 0.0010160172171795624, 0.1287341833369425, 0.005006819176310594, 0.010294092227821202]",150,135,42,0.001016,0.1287,0.005007,0.0103,0.8163,167,26,62,224
4,"[173, 71, 46, 0.004414139818276098, 0.25205000315773524, 0.004193831103874407, 0.06081823448013028]",173,71,46,0.004414,0.2521,0.004194,0.0608,0.7766,199,77,30,173
4,"[150, 135, 42, 0.0010160172171795624, 0.1287341833369425, 0.005006819176310594, 0.010294092227821202]",150,135,42,0.001016,0.1287,0.005007,0.0103,0.7349,191,89,38,161
4,"[102, 136, 98, 0.005456880108418689, 0.3, 0.0010235539074996483, 0.21000858388764562]",102,136,98,0.005457,0.3,0.001024,0.21,0.7829,193,68,36,182
4,"[114, 69, 47, 0.0021291623022691745, 0.2355336711000567, 0.009489842540991186, 0.11879747575778092]",114,69,47,0.002129,0.2355,0.00949,0.1188,0.7328,202,101,27,149
4,"[107, 93, 47, 0.001019749811010774, 0.2929638141970955, 0.002997574347436742, 0.15301347440248034]",107,93,47,0.00102,0.293,0.002998,0.153,0.7891,157,29,72,221
4,"[166, 126, 87, 0.008840490542124584, 0.07078064153305164, 0.001830008647912201, 0.28272428650672077]",166,126,87,0.00884,0.0708,0.00183,0.2827,0.7411,203,98,26,152
4,"[150, 135, 42, 0.0001, 0.1680189034757198, 0.005006819176310594, 0.18693433073266202]",150,135,42,0.0001,0.168,0.005007,0.1869,0.7787,164,41,65,209
4,"[107, 93, 47, 0.0029564562727293483, 0.2929638141970955, 0.002997574347436742, 0.15301347440248034]",107,93,47,0.002956,0.293,0.002998,0.153,0.7349,211,109,18,141
4,"[104, 110, 47, 0.0021291623022691745, 0.2355336711000567, 0.0038652613707627795, 0.27487266050362774]",104,110,47,0.002129,0.2355,0.003865,0.2749,0.7537,200,89,29,161
4,"[150, 135, 42, 0.0010160172171795624, 0.1287341833369425, 0.005006819176310594, 0.010294092227821202]",150,135,42,0.001016,0.1287,0.005007,0.0103,0.7996,171,38,58,212
4,"[185, 146, 38, 0.0001, 0.29345588910262926, 0.0001, 0.241200209787595]",185,146,38,0.0001,0.2935,0.0001,0.2412,0.5407,221,212,8,38
4,"[104, 110, 47, 0.0021291623022691745, 0.2355336711000567, 0.0038652613707627795, 0.27487266050362774]",104,110,47,0.002129,0.2355,0.003865,0.2749,0.7975,188,56,41,194
4,"[101, 136, 98, 0.005256228097555127, 0.25205000315773524, 0.0010235539074996483, 0.21000858388764562]",101,136,98,0.005256,0.2521,0.001024,0.21,0.7787,172,49,57,201
4,"[185, 146, 38, 0.005277500014701656, 0.29345588910262926, 0.007625313169795858, 0.241200209787595]",185,146,38,0.005278,0.2935,0.007625,0.2412,0.739,202,98,27,152
4,"[107, 93, 47, 0.001019749811010774, 0.2929638141970955, 0.002997574347436742, 0.15301347440248034]",107,93,47,0.00102,0.293,0.002998,0.153,0.7871,179,52,50,198
4,"[107, 93, 42, 0.0010160172171795624, 0.1287341833369425, 0.002997574347436742, 0.15301347440248034]",107,93,42,0.001016,0.1287,0.002998,0.153,0.785,203,77,26,173
5,"[102, 69, 47, 0.005456880108418689, 0.21637969562875858, 0.0055905474323612704, 0.17040576456807716]",102,69,47,0.005457,0.2164,0.005591,0.1704,0.7244,210,113,19,137
5,"[107, 93, 47, 0.0029564562727293483, 0.2929638141970955, 0.002997574347436742, 0.15301347440248034]",107,93,47,0.002956,0.293,0.002998,0.153,0.7766,187,65,42,185
5,"[173, 71, 47, 0.004414139818276098, 0.25205000315773524, 0.0001, 0.010294092227821202]",173,71,47,0.004414,0.2521,0.0001,0.0103,0.7557,183,71,46,179
5,"[166, 146, 38, 0.005277500014701656, 0.29345588910262926, 0.007625313169795858, 0.241200209787595]",166,146,38,0.005278,0.2935,0.007625,0.2412,0.6681,220,150,9,100
5,"[150, 135, 42, 0.0001, 0.1680189034757198, 0.005006819176310594, 0.18693433073266202]",150,135,42,0.0001,0.168,0.005007,0.1869,0.7474,166,58,63,192
5,"[150, 135, 42, 0.0010160172171795624, 0.1287341833369425, 0.005006819176310594, 0.010294092227821202]",150,135,42,0.001016,0.1287,0.005007,0.0103,0.7724,189,69,40,181
5,"[102, 136, 98, 0.005456880108418689, 0.3, 0.0010235539074996483, 0.21000858388764562]",102,136,98,0.005457,0.3,0.001024,0.21,0.8038,181,46,48,204
5,"[104, 110, 47, 0.0021291623022691745, 0.2355336711000567, 0.0001, 0.27487266050362774]",104,110,47,0.002129,0.2355,0.0001,0.2749,0.7933,167,37,62,213
5,"[107, 71, 46, 0.004414139818276098, 0.25205000315773524, 0.0010235539074996483, 0.15301347440248034]",107,71,46,0.004414,0.2521,0.001024,0.153,0.7787,195,72,34,178
5,"[107, 93, 42, 0.0010160172171795624, 0.1287341833369425, 0.002997574347436742, 0.15301347440248034]",107,93,42,0.001016,0.1287,0.002998,0.153,0.7996,186,53,43,197
5,"[107, 93, 42, 0.0010160172171795624, 0.1287341833369425, 0.002997574347436742, 0.15301347440248034]",107,93,42,0.001016,0.1287,0.002998,0.153,0.7098,205,115,24,135
5,"[150, 135, 42, 0.0010160172171795624, 0.1287341833369425, 0.001830008647912201, 0.28272428650672077]",150,135,42,0.001016,0.1287,0.00183,0.2827,0.7829,191,66,38,184
5,"[104, 110, 47, 0.0021291623022691745, 0.2355336711000567, 0.0038652613707627795, 0.27487266050362774]",104,110,47,0.002129,0.2355,0.003865,0.2749,0.7557,202,90,27,160
5,"[150, 135, 42, 0.0001, 0.1680189034757198, 0.005006819176310594, 0.18693433073266202]",150,135,42,0.0001,0.168,0.005007,0.1869,0.6785,181,106,48,144
5,"[173, 71, 42, 0.0010160172171795624, 0.25205000315773524, 0.001830008647912201, 0.010294092227821202]",173,71,42,0.001016,0.2521,0.00183,0.0103,0.739,190,86,39,164
5,"[107, 93, 46, 0.004414139818276098, 0.1287341833369425, 0.002997574347436742, 0.24246471672015382]",107,93,46,0.004414,0.1287,0.002998,0.2425,0.7808,180,56,49,194
5,"[173, 71, 47, 0.004414139818276098, 0.25205000315773524, 0.0010235539074996483, 0.010294092227821202]",173,71,47,0.004414,0.2521,0.001024,0.0103,0.7787,196,73,33,177
5,"[173, 71, 46, 0.0021291623022691745, 0.25205000315773524, 0.0010235539074996483, 0.010294092227821202]",173,71,46,0.002129,0.2521,0.001024,0.0103,0.8058,175,39,54,211
5,"[104, 110, 47, 0.0021291623022691745, 0.2355336711000567, 0.0038652613707627795, 0.27487266050362774]",104,110,47,0.002129,0.2355,0.003865,0.2749,0.7996,192,59,37,191
5,"[150, 135, 42, 0.0010160172171795624, 0.1287341833369425, 0.005006819176310594, 0.010294092227821202]",150,135,42,0.001016,0.1287,0.005007,0.0103,0.6785,212,137,17,113
5,"[107, 93, 47, 0.001019749811010774, 0.2929638141970955, 0.002997574347436742, 0.15301347440248034]",107,93,47,0.00102,0.293,0.002998,0.153,0.714,210,118,19,132
5,"[173, 71, 46, 0.0021291623022691745, 0.25205000315773524, 0.0010235539074996483, 0.010294092227821202]",173,71,46,0.002129,0.2521,0.001024,0.0103,0.7704,195,76,34,174
5,"[107, 93, 42, 0.0010160172171795624, 0.1287341833369425, 0.005006819176310594, 0.15301347440248034]",107,93,42,0.001016,0.1287,0.005007,0.153,0.7996,176,43,53,207
5,"[150, 135, 42, 0.0010160172171795624, 0.1287341833369425, 0.002997574347436742, 0.010294092227821202]",150,135,42,0.001016,0.1287,0.002998,0.0103,0.7745,177,56,52,194
5,"[107, 136, 98, 0.005456880108418689, 0.3, 0.002997574347436742, 0.15301347440248034]",107,136,98,0.005457,0.3,0.002998,0.153,0.7495,203,94,26,156
5,"[102, 93, 42, 0.0010160172171795624, 0.1287341833369425, 0.0010235539074996483, 0.21000858388764562]",102,93,42,0.001016,0.1287,0.001024,0.21,0.7578,191,78,38,172
5,"[107, 71, 46, 0.004414139818276098, 0.25205000315773524, 0.0010235539074996483, 0.15301347440248034]",107,71,46,0.004414,0.2521,0.001024,0.153,0.7933,201,71,28,179
5,"[173, 71, 46, 0.0021291623022691745, 0.25205000315773524, 0.0010235539074996483, 0.010294092227821202]",173,71,46,0.002129,0.2521,0.001024,0.0103,0.7996,196,63,33,187
5,"[107, 93, 47, 0.001019749811010774, 0.2929638141970955, 0.002997574347436742, 0.15301347440248034]",107,93,47,0.00102,0.293,0.002998,0.153,0.7808,188,64,41,186
5,"[107, 93, 47, 0.001019749811010774, 0.2929638141970955, 0.002997574347436742, 0.15301347440248034]",107,93,47,0.00102,0.293,0.002998,0.153,0.7745,155,34,74,216
5,"[150, 135, 42, 0.0010160172171795624, 0.1287341833369425, 0.005006819176310594, 0.010294092227821202]",150,135,42,0.001016,0.1287,0.005007,0.0103,0.7891,177,49,52,201
5,"[150, 135, 42, 0.0010160172171795624, 0.1287341833369425, 0.005006819176310594, 0.010294092227821202]",150,135,42,0.001016,0.1287,0.005007,0.0103,0.7015,208,122,21,128
5,"[173, 71, 46, 0.004414139818276098, 0.25205000315773524, 0.001830008647912201, 0.010294092227821202]",173,71,46,0.004414,0.2521,0.00183,0.0103,0.7432,199,93,30,157
5,"[114, 111, 89, 0.0021291623022691745, 0.2355336711000567, 0.009489842540991186, 0.11879747575778092]",114,111,89,0.002129,0.2355,0.00949,0.1188,0.6514,218,156,11,94
5,"[107, 93, 47, 0.001019749811010774, 0.2929638141970955, 0.0010235539074996483, 0.15301347440248034]",107,93,47,0.00102,0.293,0.001024,0.153,0.762,192,77,37,173
5,"[107, 71, 46, 0.004414139818276098, 0.25205000315773524, 0.002997574347436742, 0.15301347440248034]",107,71,46,0.004414,0.2521,0.002998,0.153,0.739,210,106,19,144
5,"[104, 110, 47, 0.0021291623022691745, 0.2355336711000567, 0.0038652613707627795, 0.03837910394497565]",104,110,47,0.002129,0.2355,0.003865,0.0384,0.7954,198,67,31,183
5,"[104, 110, 47, 0.0021291623022691745, 0.2342084288825935, 0.007748508663688895, 0.27487266050362774]",104,110,47,0.002129,0.2342,0.007749,0.2749,0.8079,180,43,49,207
5,"[150, 135, 42, 0.0010160172171795624, 0.1287341833369425, 0.005006819176310594, 0.010294092227821202]",150,135,42,0.001016,0.1287,0.005007,0.0103,0.7223,206,110,23,140
5,"[173, 71, 46, 0.0021291623022691745, 0.25205000315773524, 0.0010235539074996483, 0.010294092227821202]",173,71,46,0.002129,0.2521,0.001024,0.0103,0.8079,177,40,52,210
5,"[173, 93, 47, 0.001019749811010774, 0.2929638141970955, 0.002997574347436742, 0.010294092227821202]",173,93,47,0.00102,0.293,0.002998,0.0103,0.7912,170,41,59,209
5,"[107, 93, 42, 0.0010160172171795624, 0.1287341833369425, 0.002997574347436742, 0.15301347440248034]",107,93,42,0.001016,0.1287,0.002998,0.153,0.7871,168,41,61,209
5,"[107, 93, 42, 0.0010160172171795624, 0.1287341833369425, 0.002997574347436742, 0.15301347440248034]",107,93,42,0.001016,0.1287,0.002998,0.153,0.7933,192,62,37,188
5,"[107, 71, 46, 0.004414139818276098, 0.25205000315773524, 0.0010235539074996483, 0.010294092227821202]",107,71,46,0.004414,0.2521,0.001024,0.0103,0.8079,164,27,65,223
5,"[107, 93, 47, 0.001019749811010774, 0.2929638141970955, 0.002997574347436742, 0.15301347440248034]",107,93,47,0.00102,0.293,0.002998,0.153,0.7432,191,85,38,165
5,"[150, 135, 42, 0.0010160172171795624, 0.1287341833369425, 0.001830008647912201, 0.28272428650672077]",150,135,42,0.001016,0.1287,0.00183,0.2827,0.7808,199,75,30,175
5,"[104, 110, 47, 0.0021291623022691745, 0.2342084288825935, 0.007748508663688895, 0.03837910394497565]",104,110,47,0.002129,0.2342,0.007749,0.0384,0.6576,215,150,14,100
5,"[107, 93, 47, 0.001019749811010774, 0.2929638141970955, 0.002997574347436742, 0.15301347440248034]",107,93,47,0.00102,0.293,0.002998,0.153,0.7808,156,32,73,218
5,"[104, 110, 47, 0.0021291623022691745, 0.2355336711000567, 0.0038652613707627795, 0.27487266050362774]",104,110,47,0.002129,0.2355,0.003865,0.2749,0.7244,198,101,31,149
5,"[150, 135, 42, 0.0001, 0.1287341833369425, 0.005006819176310594, 0.010294092227821202]",150,135,42,0.0001,0.1287,0.005007,0.0103,0.7182,158,64,71,186
6,"[172, 93, 47, 0.001019749811010774, 0.2929638141970955, 0.002997574347436742, 0.010294092227821202]",172,93,47,0.00102,0.293,0.002998,0.0103,0.7328,192,91,37,159
6,"[107, 93, 42, 0.0010160172171795624, 0.1287341833369425, 0.002997574347436742, 0.15301347440248034]",107,93,42,0.001016,0.1287,0.002998,0.153,0.785,177,51,52,199
6,"[173, 71, 46, 0.0021291623022691745, 0.25205000315773524, 0.0010235539074996483, 0.010294092227821202]",173,71,46,0.002129,0.2521,0.001024,0.0103,0.7578,188,75,41,175
6,"[104, 110, 47, 0.0021291623022691745, 0.2342084288825935, 0.007748508663688895, 0.27487266050362774]",104,110,47,0.002129,0.2342,0.007749,0.2749,0.7411,197,92,32,158
6,"[173, 71, 47, 0.004414139818276098, 0.25205000315773524, 0.0010235539074996483, 0.010294092227821202]",173,71,47,0.004414,0.2521,0.001024,0.0103,0.7286,207,108,22,142
6,"[107, 71, 46, 0.004414139818276098, 0.25205000315773524, 0.0010235539074996483, 0.010294092227821202]",107,71,46,0.004414,0.2521,0.001024,0.0103,0.7912,171,42,58,208
6,"[103, 110, 47, 0.0021291623022691745, 0.2355336711000567, 0.0001, 0.27487266050362774]",103,110,47,0.002129,0.2355,0.0001,0.2749,0.7808,174,50,55,200
6,"[107, 93, 47, 0.001019749811010774, 0.2929638141970955, 0.002997574347436742, 0.15301347440248034]",107,93,47,0.00102,0.293,0.002998,0.153,0.7495,193,84,36,166
6,"[107, 71, 46, 0.004414139818276098, 0.2929638141970955, 0.002997574347436742, 0.15301347440248034]",107,71,46,0.004414,0.293,0.002998,0.153,0.7578,195,82,34,168
6,"[107, 93, 47, 0.001019749811010774, 0.25205000315773524, 0.0010235539074996483, 0.15301347440248034]",107,93,47,0.00102,0.2521,0.001024,0.153,0.7954,180,49,49,201
6,"[107, 93, 41, 0.0010160172171795624, 0.1287341833369425, 0.002997574347436742, 0.15301347440248034]",107,93,41,0.001016,0.1287,0.002998,0.153,0.7265,205,107,24,143
6,"[150, 135, 42, 0.0010160172171795624, 0.1287341833369425, 0.002997574347436742, 0.010294092227821202]",150,135,42,0.001016,0.1287,0.002998,0.0103,0.7599,202,88,27,162
6,"[173, 71, 46, 0.0021291623022691745, 0.25205000315773524, 0.0010235539074996483, 0.010294092227821202]",173,71,46,0.002129,0.2521,0.001024,0.0103,0.6618,217,150,12,100
6,"[173, 71, 46, 0.0021291623022691745, 0.25205000315773524, 0.0010235539074996483, 0.010294092227821202]",173,71,46,0.002129,0.2521,0.001024,0.0103,0.7704,190,71,39,179
6,"[104, 110, 47, 0.0021291623022691745, 0.2355336711000567, 0.0038652613707627795, 0.27487266050362774]",104,110,47,0.002129,0.2355,0.003865,0.2749,0.7808,181,57,48,193
6,"[107, 71, 45, 0.004414139818276098, 0.25205000315773524, 0.0010235539074996483, 0.010294092227821202]",107,71,45,0.004414,0.2521,0.001024,0.0103,0.7641,207,91,22,159
6,"[173, 93, 47, 0.001019749811010774, 0.2929638141970955, 0.002997574347436742, 0.010294092227821202]",173,93,47,0.00102,0.293,0.002998,0.0103,0.7035,209,122,20,128
6,"[102, 136, 98, 0.005456880108418689, 0.3, 0.0010235539074996483, 0.21000858388764562]",102,136,98,0.005457,0.3,0.001024,0.21,0.7704,203,84,26,166
6,"[107, 71, 46, 0.004414139818276098, 0.1287341833369425, 0.002997574347436742, 0.24246471672015382]",107,71,46,0.004414,0.1287,0.002998,0.2425,0.618,206,160,23,90
6,"[173, 93, 46, 0.0021291623022691745, 0.25205000315773524, 0.0010235539074996483, 0.010294092227821202]",173,93,46,0.002129,0.2521,0.001024,0.0103,0.7975,158,26,71,224
6,"[107, 71, 46, 0.004414139818276098, 0.17186904783264628, 0.0010235539074996483, 0.18148548330375983]",107,71,46,0.004414,0.1719,0.001024,0.1815,0.7933,198,68,31,182
6,"[173, 71, 46, 0.0021291623022691745, 0.25205000315773524, 0.0010235539074996483, 0.010294092227821202]",173,71,46,0.002129,0.2521,0.001024,0.0103,0.7349,209,107,20,143
6,"[173, 71, 46, 0.0021291623022691745, 0.25205000315773524, 0.01, 0.01]",173,71,46,0.002129,0.2521,0.01,0.01,0.7453,204,97,25,153
6,"[107, 93, 42, 0.0010160172171795624, 0.1287341833369425, 0.005006819176310594, 0.15301347440248034]",107,93,42,0.001016,0.1287,0.005007,0.153,0.5992,220,183,9,67
6,"[104, 71, 47, 0.0021291623022691745, 0.2355336711000567, 0.0038652613707627795, 0.03837910394497565]",104,71,47,0.002129,0.2355,0.003865,0.0384,0.785,192,66,37,184
6,"[173, 110, 47, 0.004414139818276098, 0.25205000315773524, 0.0001, 0.010294092227821202]",173,110,47,0.004414,0.2521,0.0001,0.0103,0.7578,198,85,31,165
6,"[150, 135, 47, 0.0021291623022691745, 0.2342084288825935, 0.007748508663688895, 0.27487266050362774]",150,135,47,0.002129,0.2342,0.007749,0.2749,0.7119,207,116,22,134
6,"[104, 110, 42, 0.0010160172171795624, 0.1287341833369425, 0.002997574347436742, 0.010294092227821202]",104,110,42,0.001016,0.1287,0.002998,0.0103,0.6848,214,136,15,114
6,"[150, 135, 42, 0.0010160172171795624, 0.1287341833369425, 0.001830008647912201, 0.28272428650672077]",150,135,42,0.001016,0.1287,0.00183,0.2827,0.7286,210,111,19,139
6,"[107, 93, 42, 0.0001, 0.1287341833369425, 0.0001, 0.1551321935661199]",107,93,42,0.0001,0.1287,0.0001,0.1551,0.6305,188,136,41,114
6,"[173, 71, 46, 0.0021291623022691745, 0.25205000315773524, 0.0010235539074996483, 0.010294092227821202]",173,71,46,0.002129,0.2521,0.001024,0.0103,0.7912,178,49,51,201
6,"[150, 135, 42, 0.0010160172171795624, 0.1287341833369425, 0.005006819176310594, 0.010294092227821202]",150,135,42,0.001016,0.1287,0.005007,0.0103,0.7912,159,30,70,220
6,"[172, 71, 46, 0.0021291623022691745, 0.25205000315773524, 0.0010235539074996483, 0.010294092227821202]",172,71,46,0.002129,0.2521,0.001024,0.0103,0.7808,157,33,72,217
6,"[173, 71, 46, 0.0021291623022691745, 0.25205000315773524, 0.0010235539074996483, 0.010294092227821202]",173,71,46,0.002129,0.2521,0.001024,0.0103,0.7244,203,106,26,144
6,"[107, 71, 46, 0.0021291623022691745, 0.2342084288825935, 0.007748508663688895, 0.15301347440248034]",107,71,46,0.002129,0.2342,0.007749,0.153,0.7954,174,43,55,207
6,"[104, 110, 47, 0.004414139818276098, 0.25205000315773524, 0.0010235539074996483, 0.27487266050362774]",104,110,47,0.004414,0.2521,0.001024,0.2749,0.7912,168,39,61,211
6,"[104, 110, 47, 0.0021291623022691745, 0.2355336711000567, 0.0038652613707627795, 0.010294092227821202]",104,110,47,0.002129,0.2355,0.003865,0.0103,0.7265,210,112,19,138
6,"[173, 71, 46, 0.0021291623022691745, 0.25205000315773524, 0.0010235539074996483, 0.27487266050362774]",173,71,46,0.002129,0.2521,0.001024,0.2749,0.7871,186,59,43,191
6,"[107, 71, 46, 0.004414139818276098, 0.25205000315773524, 0.0010235539074996483, 0.18566382124058448]",107,71,46,0.004414,0.2521,0.001024,0.1857,0.762,193,78,36,172
6,"[104, 110, 47, 0.0021291623022691745, 0.2342084288825935, 0.007748508663688895, 0.27487266050362774]",104,110,47,0.002129,0.2342,0.007749,0.2749,0.7891,177,49,52,201
6,"[173, 71, 42, 0.0010160172171795624, 0.25205000315773524, 0.001830008647912201, 0.010294092227821202]",173,71,42,0.001016,0.2521,0.00183,0.0103,0.7766,190,68,39,182
6,"[107, 93, 42, 0.0010160172171795624, 0.1287341833369425, 0.002997574347436742, 0.15301347440248034]",107,93,42,0.001016,0.1287,0.002998,0.153,0.7683,197,79,32,171
6,"[107, 93, 42, 0.0010160172171795624, 0.1287341833369425, 0.002997574347436742, 0.15301347440248034]",107,93,42,0.001016,0.1287,0.002998,0.153,0.7035,202,115,27,135
6,"[173, 71, 47, 0.004414139818276098, 0.25205000315773524, 0.0010235539074996483, 0.010294092227821202]",173,71,47,0.004414,0.2521,0.001024,0.0103,0.7265,201,103,28,147
6,"[173, 93, 42, 0.0010160172171795624, 0.25205000315773524, 0.0010235539074996483, 0.010294092227821202]",173,93,42,0.001016,0.2521,0.001024,0.0103,0.6451,217,158,12,92
6,"[107, 71, 46, 0.0021291623022691745, 0.1287341833369425, 0.005006819176310594, 0.15301347440248034]",107,71,46,0.002129,0.1287,0.005007,0.153,0.7891,200,72,29,178
6,"[107, 93, 42, 0.0021291623022691745, 0.1287341833369425, 0.002997574347436742, 0.15301347440248034]",107,93,42,0.002129,0.1287,0.002998,0.153,0.7954,155,24,74,226
6,"[173, 71, 46, 0.0010160172171795624, 0.25205000315773524, 0.0010235539074996483, 0.010294092227821202]",173,71,46,0.001016,0.2521,0.001024,0.0103,0.7056,210,122,19,128
6,"[107, 93, 42, 0.0010160172171795624, 0.1287341833369425, 0.005006819176310594, 0.15301347440248034]",107,93,42,0.001016,0.1287,0.005007,0.153,0.7453,189,82,40,168
6,"[102, 69, 47, 0.005456880108418689, 0.21637969562875858, 0.0055905474323612704, 0.17040576456807716]",102,69,47,0.005457,0.2164,0.005591,0.1704,0.7286,205,106,24,144
7,"[150, 135, 42, 0.0010160172171795624, 0.1443401319856867, 0.005006819176310594, 0.010294092227821202]",150,135,42,0.001016,0.1443,0.005007,0.0103,0.6722,216,144,13,106
7,"[107, 93, 42, 0.0021291623022691745, 0.1287341833369425, 0.002997574347436742, 0.15301347440248034]",107,93,42,0.002129,0.1287,0.002998,0.153,0.7704,199,80,30,170
7,"[107, 93, 47, 0.001019749811010774, 0.2929638141970955, 0.002997574347436742, 0.15301347440248034]",107,93,47,0.00102,0.293,0.002998,0.153,0.7808,151,27,78,223
7,"[104, 110, 47, 0.0021291623022691745, 0.2342084288825935, 0.007748508663688895, 0.27487266050362774]",104,110,47,0.002129,0.2342,0.007749,0.2749,0.7745,197,76,32,174
7,"[173, 71, 46, 0.0021291623022691745, 0.25205000315773524, 0.0010235539074996483, 0.27487266050362774]",173,71,46,0.002129,0.2521,0.001024,0.2749,0.7808,179,55,50,195
7,"[107, 93, 42, 0.0010160172171795624, 0.1287341833369425, 0.002997574347436742, 0.15301347440248034]",107,93,42,0.001016,0.1287,0.002998,0.153,0.7933,168,38,61,212
7,"[150, 135, 42, 0.0010160172171795624, 0.1287341833369425, 0.005006819176310594, 0.010294092227821202]",150,135,42,0.001016,0.1287,0.005007,0.0103,0.7265,210,112,19,138
7,"[107, 93, 47, 0.001019749811010774, 0.25205000315773524, 0.0010235539074996483, 0.15301347440248034]",107,93,47,0.00102,0.2521,0.001024,0.153,0.7891,185,57,44,193
7,"[173, 93, 46, 0.0021291623022691745, 0.25205000315773524, 0.0010235539074996483, 0.010294092227821202]",173,93,46,0.002129,0.2521,0.001024,0.0103,0.7808,174,50,55,200
7,"[104, 110, 47, 0.0021291623022691745, 0.2355336711000567, 0.0038652613707627795, 0.27487266050362774]",104,110,47,0.002129,0.2355,0.003865,0.2749,0.737,208,105,21,145
7,"[173, 93, 46, 0.0021291623022691745, 0.25205000315773524, 0.0010235539074996483, 0.010294092227821202]",173,93,46,0.002129,0.2521,0.001024,0.0103,0.7724,189,69,40,181
7,"[173, 93, 46, 0.0021291623022691745, 0.25205000315773524, 0.0010235539074996483, 0.010294092227821202]",173,93,46,0.002129,0.2521,0.001024,0.0103,0.7871,180,53,49,197
7,"[104, 110, 47, 0.0021291623022691745, 0.2342084288825935, 0.007748508663688895, 0.27487266050362774]",104,110,47,0.002129,0.2342,0.007749,0.2749,0.7641,206,90,23,160
7,"[173, 71, 42, 0.0010160172171795624, 0.25205000315773524, 0.001830008647912201, 0.010294092227821202]",173,71,42,0.001016,0.2521,0.00183,0.0103,0.7933,174,44,55,206
7,"[107, 93, 47, 0.001019749811010774, 0.25205000315773524, 0.0010235539074996483, 0.15301347440248034]",107,93,47,0.00102,0.2521,0.001024,0.153,0.7265,207,109,22,141
7,"[107, 93, 42, 0.0021291623022691745, 0.1287341833369425, 0.002997574347436742, 0.15301347440248034]",107,93,42,0.002129,0.1287,0.002998,0.153,0.785,192,66,37,184
7,"[173, 71, 46, 0.0021291623022691745, 0.25205000315773524, 0.0010235539074996483, 0.27487266050362774]",173,71,46,0.002129,0.2521,0.001024,0.2749,0.7724,196,76,33,174
7,"[107, 71, 46, 0.0021291623022691745, 0.2342084288825935, 0.007748508663688895, 0.15301347440248034]",107,71,46,0.002129,0.2342,0.007749,0.153,0.7328,203,102,26,148
7,"[107, 110, 47, 0.0021291623022691745, 0.2355336711000567, 0.0038652613707627795, 0.27487266050362774]",107,110,47,0.002129,0.2355,0.003865,0.2749,0.7787,186,63,43,187
7,"[104, 71, 46, 0.0021291623022691745, 0.2342084288825935, 0.007748508663688895, 0.15301347440248034]",104,71,46,0.002129,0.2342,0.007749,0.153,0.7808,182,58,47,192
7,"[107, 110, 47, 0.004414139818276098, 0.25205000315773524, 0.005006819176310594, 0.15301347440248034]",107,110,47,0.004414,0.2521,0.005007,0.153,0.7411,201,96,28,154
7,"[104, 71, 46, 0.0021291623022691745, 0.1287341833369425, 0.01, 0.3]",104,71,46,0.002129,0.1287,0.01,0.3,0.5595,224,206,5,44
7,"[107, 71, 45, 0.004414139818276098, 0.25205000315773524, 0.0010235539074996483, 0.010294092227821202]",107,71,45,0.004414,0.2521,0.001024,0.0103,0.7578,191,78,38,172
7,"[173, 71, 46, 0.0021291623022691745, 0.25205000315773524, 0.01, 0.01]",173,71,46,0.002129,0.2521,0.01,0.01,0.714,204,112,25,138
7,"[107, 93, 42, 0.001019749811010774, 0.25205000315773524, 0.0010235539074996483, 0.15301347440248034]",107,93,42,0.00102,0.2521,0.001024,0.153,0.7787,162,39,67,211
7,"[107, 93, 47, 0.0010160172171795624, 0.1287341833369425, 0.002997574347436742, 0.15301347440248034]",107,93,47,0.001016,0.1287,0.002998,0.153,0.7015,216,130,13,120
7,"[173, 71, 46, 0.0010160172171795624, 0.25205000315773524, 0.01, 0.01]",173,71,46,0.001016,0.2521,0.01,0.01,0.7933,151,21,78,229
7,"[150, 135, 42, 0.0021291623022691745, 0.1287341833369425, 0.002997574347436742, 0.010294092227821202]",150,135,42,0.002129,0.1287,0.002998,0.0103,0.785,205,79,24,171
7,"[107, 93, 42, 0.0010160172171795624, 0.25205000315773524, 0.0010235539074996483, 0.15301347440248034]",107,93,42,0.001016,0.2521,0.001024,0.153,0.7912,184,55,45,195
7,"[173, 93, 46, 0.0021291623022691745, 0.1287341833369425, 0.002997574347436742, 0.010294092227821202]",173,93,46,0.002129,0.1287,0.002998,0.0103,0.6994,213,128,16,122
7,"[107, 71, 46, 0.0021291623022691745, 0.25205000315773524, 0.0010235539074996483, 0.15301347440248034]",107,71,46,0.002129,0.2521,0.001024,0.153,0.7975,172,40,57,210
7,"[173, 93, 42, 0.0010160172171795624, 0.1287341833369425, 0.002997574347436742, 0.010294092227821202]",173,93,42,0.001016,0.1287,0.002998,0.0103,0.6868,214,135,15,115
7,"[150, 135, 42, 0.0021291623022691745, 0.2342084288825935, 0.007748508663688895, 0.010294092227821202]",150,135,42,0.002129,0.2342,0.007749,0.0103,0.7161,209,116,20,134
7,"[107, 71, 46, 0.0010160172171795624, 0.1287341833369425, 0.002997574347436742, 0.15301347440248034]",107,71,46,0.001016,0.1287,0.002998,0.153,0.7265,193,95,36,155
7,"[107, 93, 42, 0.01, 0.1287341833369425, 0.002997574347436742, 0.22767921529688412]",107,93,42,0.01,0.1287,0.002998,0.2277,0.7056,209,121,20,129
7,"[107, 71, 46, 0.0021291623022691745, 0.2342084288825935, 0.01, 0.145655981752868]",107,71,46,0.002129,0.2342,0.01,0.1457,0.7161,199,106,30,144
7,"[173, 93, 46, 0.0021291623022691745, 0.25205000315773524, 0.0010235539074996483, 0.010294092227821202]",173,93,46,0.002129,0.2521,0.001024,0.0103,0.7557,197,85,32,165
7,"[104, 110, 47, 0.004414139818276098, 0.25205000315773524, 0.0010235539074996483, 0.27487266050362774]",104,110,47,0.004414,0.2521,0.001024,0.2749,0.7704,181,62,48,188
7,"[173, 71, 46, 0.0010160172171795624, 0.25205000315773524, 0.0010235539074996483, 0.010294092227821202]",173,71,46,0.001016,0.2521,0.001024,0.0103,0.7724,151,31,78,219
7,"[173, 93, 46, 0.0021291623022691745, 0.25205000315773524, 0.0010235539074996483, 0.010294092227821202]",173,93,46,0.002129,0.2521,0.001024,0.0103,0.7286,209,110,20,140
7,"[107, 93, 42, 0.0010160172171795624, 0.1287341833369425, 0.005006819176310594, 0.15301347440248034]",107,93,42,0.001016,0.1287,0.005007,0.153,0.7766,176,54,53,196
7,"[173, 71, 46, 0.0021291623022691745, 0.25205000315773524, 0.0010235539074996483, 0.27487266050362774]",173,71,46,0.002129,0.2521,0.001024,0.2749,0.7035,206,119,23,131
7,"[107, 93, 47, 0.001019749811010774, 0.25205000315773524, 0.0010235539074996483, 0.15301347440248034]",107,93,47,0.00102,0.2521,0.001024,0.153,0.7662,184,67,45,183
7,"[107, 71, 46, 0.004414139818276098, 0.25205000315773524, 0.0010235539074996483, 0.010294092227821202]",107,71,46,0.004414,0.2521,0.001024,0.0103,0.7704,191,72,38,178
7,"[173, 71, 46, 0.0021291623022691745, 0.25205000315773524, 0.0010235539074996483, 0.010294092227821202]",173,71,46,0.002129,0.2521,0.001024,0.0103,0.7432,194,88,35,162
7,"[173, 93, 46, 0.0021291623022691745, 0.25205000315773524, 0.0010235539074996483, 0.010294092227821202]",173,93,46,0.002129,0.2521,0.001024,0.0103,0.7787,194,71,35,179
7,"[173, 71, 46, 0.0021291623022691745, 0.25205000315773524, 0.0010235539074996483, 0.010294092227821202]",173,71,46,0.002129,0.2521,0.001024,0.0103,0.7912,179,50,50,200
7,"[107, 71, 46, 0.004414139818276098, 0.25205000315773524, 0.0010235539074996483, 0.010294092227821202]",107,71,46,0.004414,0.2521,0.001024,0.0103,0.8121,184,45,45,205
7,"[173, 110, 47, 0.0021291623022691745, 0.25205000315773524, 0.01, 0.01]",173,110,47,0.002129,0.2521,0.01,0.01,0.7286,209,110,20,140
7,"[104, 71, 46, 0.0021291623022691745, 0.2342084288825935, 0.007748508663688895, 0.27487266050362774]",104,71,46,0.002129,0.2342,0.007749,0.2749,0.7349,206,104,23,146
8,"[150, 135, 42, 0.0010160172171795624, 0.1287341833369425, 0.005006819176310594, 0.010294092227821202]",150,135,42,0.001016,0.1287,0.005007,0.0103,0.7098,213,123,16,127
8,"[173, 71, 46, 0.0010160172171795624, 0.25205000315773524, 0.01, 0.01]",173,71,46,0.001016,0.2521,0.01,0.01,0.7077,206,117,23,133
8,"[107, 71, 42, 0.0010160172171795624, 0.25205000315773524, 0.001830008647912201, 0.010294092227821202]",107,71,42,0.001016,0.2521,0.00183,0.0103,0.6618,216,149,13,101
8,"[173, 93, 47, 0.001019749811010774, 0.2929638141970955, 0.002997574347436742, 0.15301347440248034]",173,93,47,0.00102,0.293,0.002998,0.153,0.785,144,18,85,232
8,"[173, 71, 46, 0.0021291623022691745, 0.25205000315773524, 0.0010235539074996483, 0.010294092227821202]",173,71,46,0.002129,0.2521,0.001024,0.0103,0.7704,188,69,41,181
8,"[104, 110, 47, 0.0021291623022691745, 0.2355336711000567, 0.0038652613707627795, 0.27487266050362774]",104,110,47,0.002129,0.2355,0.003865,0.2749,0.785,195,69,34,181
8,"[107, 93, 46, 0.0021291623022691745, 0.25205000315773524, 0.0010235539074996483, 0.010294092227821202]",107,93,46,0.002129,0.2521,0.001024,0.0103,0.7996,179,46,50,204
8,"[173, 71, 45, 0.004414139818276098, 0.25205000315773524, 0.0010235539074996483, 0.010294092227821202]",173,71,45,0.004414,0.2521,0.001024,0.0103,0.7933,185,55,44,195
8,"[173, 93, 46, 0.0021291623022691745, 0.25205000315773524, 0.0010235539074996483, 0.010294092227821202]",173,93,46,0.002129,0.2521,0.001024,0.0103,0.7996,178,45,51,205
8,"[173, 93, 46, 0.0021291623022691745, 0.25205000315773524, 0.0010235539074996483, 0.010294092227821202]",173,93,46,0.002129,0.2521,0.001024,0.0103,0.7766,183,61,46,189
8,"[173, 93, 46, 0.0021291623022691745, 0.25205000315773524, 0.0010235539074996483, 0.010294092227821202]",173,93,46,0.002129,0.2521,0.001024,0.0103,0.7161,208,115,21,135
8,"[173, 71, 46, 0.0021291623022691745, 0.25205000315773524, 0.0010235539074996483, 0.010294092227821202]",173,71,46,0.002129,0.2521,0.001024,0.0103,0.8038,181,46,48,204
8,"[173, 93, 42, 0.0021291623022691745, 0.25205000315773524, 0.0010235539074996483, 0.010294092227821202]",173,93,42,0.002129,0.2521,0.001024,0.0103,0.7975,174,42,55,208
8,"[107, 93, 46, 0.0021291623022691745, 0.1287341833369425, 0.002997574347436742, 0.15301347440248034]",107,93,46,0.002129,0.1287,0.002998,0.153,0.7641,192,76,37,174
8,"[107, 93, 42, 0.0021291623022691745, 0.1287341833369425, 0.002997574347436742, 0.15301347440248034]",107,93,42,0.002129,0.1287,0.002998,0.153,0.7766,189,67,40,183
8,"[107, 71, 46, 0.0021291623022691745, 0.25205000315773524, 0.0010235539074996483, 0.15301347440248034]",107,71,46,0.002129,0.2521,0.001024,0.153,0.7662,197,80,32,170
8,"[173, 93, 46, 0.0021291623022691745, 0.25205000315773524, 0.0010235539074996483, 0.010294092227821202]",173,93,46,0.002129,0.2521,0.001024,0.0103,0.7745,204,83,25,167
8,"[107, 93, 42, 0.0021291623022691745, 0.1287341833369425, 0.002997574347436742, 0.15301347440248034]",107,93,42,0.002129,0.1287,0.002998,0.153,0.7891,191,63,38,187
8,"[107, 71, 47, 0.0021291623022691745, 0.2355336711000567, 0.0038652613707627795, 0.27487266050362774]",107,71,47,0.002129,0.2355,0.003865,0.2749,0.7662,190,73,39,177
8,"[173, 110, 42, 0.0010160172171795624, 0.25205000315773524, 0.001830008647912201, 0.010294092227821202]",173,110,42,0.001016,0.2521,0.00183,0.0103,0.7203,212,117,17,133
8,"[173, 93, 46, 0.0021291623022691745, 0.25205000315773524, 0.0010235539074996483, 0.010294092227821202]",173,93,46,0.002129,0.2521,0.001024,0.0103,0.762,193,78,36,172
8,"[173, 93, 46, 0.0021291623022691745, 0.25205000315773524, 0.0010235539074996483, 0.010294092227821202]",173,93,46,0.002129,0.2521,0.001024,0.0103,0.8017,177,43,52,207
8,"[107, 93, 46, 0.001019749811010774, 0.2929638141970955, 0.002997574347436742, 0.15301347440248034]",107,93,46,0.00102,0.293,0.002998,0.153,0.7641,188,72,41,178
8,"[106, 71, 46, 0.01, 0.25205000315773524, 0.0010235539074996483, 0.0859256089078573]",106,71,46,0.01,0.2521,0.001024,0.0859,0.785,184,58,45,192
8,"[107, 93, 42, 0.0010160172171795624, 0.1287341833369425, 0.002997574347436742, 0.15301347440248034]",107,93,42,0.001016,0.1287,0.002998,0.153,0.7891,176,48,53,202
8,"[107, 71, 46, 0.0010160172171795624, 0.25205000315773524, 0.0010235539074996483, 0.15301347440248034]",107,71,46,0.001016,0.2521,0.001024,0.153,0.7453,192,85,37,165
8,"[173, 71, 46, 0.0010160172171795624, 0.25205000315773524, 0.01, 0.01]",173,71,46,0.001016,0.2521,0.01,0.01,0.6785,211,136,18,114
8,"[107, 71, 46, 0.004414139818276098, 0.25205000315773524, 0.0010235539074996483, 0.010294092227821202]",107,71,46,0.004414,0.2521,0.001024,0.0103,0.7662,198,81,31,169
8,"[107, 71, 42, 0.0010160172171795624, 0.25205000315773524, 0.0010235539074996483, 0.15301347440248034]",107,71,42,0.001016,0.2521,0.001024,0.153,0.737,185,82,44,168
8,"[173, 71, 46, 0.0021291623022691745, 0.25205000315773524, 0.001830008647912201, 0.010294092227821202]",173,71,46,0.002129,0.2521,0.00183,0.0103,0.7704,191,72,38,178
8,"[104, 109, 47, 0.01, 0.25205000315773524, 0.0010235539074996483, 0.27487266050362774]",104,109,47,0.01,0.2521,0.001024,0.2749,0.7641,198,82,31,168
8,"[107, 71, 46, 0.004414139818276098, 0.25205000315773524, 0.0010235539074996483, 0.010294092227821202]",107,71,46,0.004414,0.2521,0.001024,0.0103,0.7453,197,90,32,160
8,"[173, 71, 42, 0.0010160172171795624, 0.25205000315773524, 0.001830008647912201, 0.010294092227821202]",173,71,42,0.001016,0.2521,0.00183,0.0103,0.6848,210,132,19,118
8,"[173, 93, 46, 0.0021291623022691745, 0.25205000315773524, 0.0010235539074996483, 0.010294092227821202]",173,93,46,0.002129,0.2521,0.001024,0.0103,0.7035,211,124,18,126
8,"[107, 93, 42, 0.0021291623022691745, 0.1287341833369425, 0.002997574347436742, 0.15301347440248034]",107,93,42,0.002129,0.1287,0.002998,0.153,0.7161,211,118,18,132
8,"[173, 71, 42, 0.0010160172171795624, 0.25205000315773524, 0.001830008647912201, 0.010294092227821202]",173,71,42,0.001016,0.2521,0.00183,0.0103,0.785,162,36,67,214
8,"[173, 93, 46, 0.0021291623022691745, 0.1287341833369425, 0.005006819176310594, 0.010294092227821202]",173,93,46,0.002129,0.1287,0.005007,0.0103,0.5825,224,195,5,55
8,"[107, 93, 42, 0.0010160172171795624, 0.25205000315773524, 0.0010235539074996483, 0.15301347440248034]",107,93,42,0.001016,0.2521,0.001024,0.153,0.7724,173,53,56,197
8,"[173, 71, 42, 0.0010160172171795624, 0.1287341833369425, 0.005006819176310594, 0.15301347440248034]",173,71,42,0.001016,0.1287,0.005007,0.153,0.6367,217,162,12,88
8,"[107, 93, 42, 0.0010160172171795624, 0.25205000315773524, 0.001830008647912201, 0.010294092227821202]",107,93,42,0.001016,0.2521,0.00183,0.0103,0.785,200,74,29,176
8,"[173, 93, 46, 0.0021291623022691745, 0.25205000315773524, 0.0010235539074996483, 0.010294092227821202]",173,93,46,0.002129,0.2521,0.001024,0.0103,0.6597,221,155,8,95
8,"[173, 71, 46, 0.01, 0.25205000315773524, 0.01, 0.01]",173,71,46,0.01,0.2521,0.01,0.01,0.4802,229,249,0,1
8,"[107, 71, 46, 0.0010160172171795624, 0.25205000315773524, 0.0010235539074996483, 0.15301347440248034]",107,71,46,0.001016,0.2521,0.001024,0.153,0.7745,186,65,43,185
8,"[173, 71, 46, 0.0021291623022691745, 0.25205000315773524, 0.0010235539074996483, 0.010294092227821202]",173,71,46,0.002129,0.2521,0.001024,0.0103,0.7933,147,17,82,233
8,"[104, 110, 46, 0.0021291623022691745, 0.2342084288825935, 0.007748508663688895, 0.27487266050362774]",104,110,46,0.002129,0.2342,0.007749,0.2749,0.6722,213,141,16,109
8,"[104, 71, 47, 0.0021291623022691745, 0.2342084288825935, 0.007748508663688895, 0.15301347440248034]",104,71,47,0.002129,0.2342,0.007749,0.153,0.785,185,59,44,191
8,"[173, 70, 46, 0.0010160172171795624, 0.25205000315773524, 0.01, 0.01]",173,70,46,0.001016,0.2521,0.01,0.01,0.7599,126,12,103,238
8,"[107, 93, 42, 0.0010160172171795624, 0.25205000315773524, 0.0010235539074996483, 0.15301347440248034]",107,93,42,0.001016,0.2521,0.001024,0.153,0.7724,166,46,63,204
8,"[173, 93, 46, 0.0021291623022691745, 0.25205000315773524, 0.0010235539074996483, 0.010294092227821202]",173,93,46,0.002129,0.2521,0.001024,0.0103,0.7641,209,93,20,157
8,"[107, 71, 46, 0.004414139818276098, 0.25205000315773524, 0.0010235539074996483, 0.010294092227821202]",107,71,46,0.004414,0.2521,0.001024,0.0103,0.7704,187,68,42,182
9,"[106, 93, 46, 0.001019749811010774, 0.2929638141970955, 0.0009986483254478943, 0.15301347440248034]",106,93,46,0.00102,0.293,0.000999,0.153,0.7975,178,46,51,204
9,"[173, 71, 46, 0.0021291623022691745, 0.25205000315773524, 0.0010235539074996483, 0.010294092227821202]",173,71,46,0.002129,0.2521,0.001024,0.0103,0.7745,182,61,47,189
9,"[173, 93, 46, 0.0021291623022691745, 0.25205000315773524, 0.0010235539074996483, 0.010294092227821202]",173,93,46,0.002129,0.2521,0.001024,0.0103,0.6639,214,146,15,104
9,"[107, 71, 46, 0.004414139818276098, 0.25205000315773524, 0.0010235539074996483, 0.010294092227821202]",107,71,46,0.004414,0.2521,0.001024,0.0103,0.7975,176,44,53,206
9,"[173, 93, 46, 0.0021291623022691745, 0.25205000315773524, 0.01, 0.010294092227821202]",173,93,46,0.002129,0.2521,0.01,0.0103,0.6054,216,176,13,74
9,"[173, 93, 42, 0.0021291623022691745, 0.25205000315773524, 0.0010235539074996483, 0.010294092227821202]",173,93,42,0.002129,0.2521,0.001024,0.0103,0.7203,200,105,29,145
9,"[107, 71, 46, 0.0021291623022691745, 0.25205000315773524, 0.0010235539074996483, 0.010294092227821202]",107,71,46,0.002129,0.2521,0.001024,0.0103,0.6555,216,152,13,98
9,"[173, 71, 46, 0.01, 0.3, 0.0010235539074996483, 0.010294092227821202]",173,71,46,0.01,0.3,0.001024,0.0103,0.7307,190,90,39,160
9,"[173, 93, 46, 0.0021291623022691745, 0.25205000315773524, 0.004456122824392061, 0.010294092227821202]",173,93,46,0.002129,0.2521,0.004456,0.0103,0.7411,208,103,21,147
9,"[173, 71, 46, 0.0021291623022691745, 0.25205000315773524, 0.0010235539074996483, 0.010294092227821202]",173,71,46,0.002129,0.2521,0.001024,0.0103,0.6138,215,171,14,79
9,"[107, 93, 42, 0.0001, 0.1287341833369425, 0.002997574347436742, 0.15301347440248034]",107,93,42,0.0001,0.1287,0.002998,0.153,0.6827,164,87,65,163
9,"[173, 71, 45, 0.0021291623022691745, 0.25205000315773524, 0.0010235539074996483, 0.01]",173,71,45,0.002129,0.2521,0.001024,0.01,0.7996,188,55,41,195
9,"[173, 93, 46, 0.0021291623022691745, 0.25205000315773524, 0.0010235539074996483, 0.010294092227821202]",173,93,46,0.002129,0.2521,0.001024,0.0103,0.6033,219,180,10,70
9,"[107, 93, 46, 0.0021291623022691745, 0.25205000315773524, 0.0010235539074996483, 0.010294092227821202]",107,93,46,0.002129,0.2521,0.001024,0.0103,0.6785,205,130,24,120
9,"[104, 109, 47, 0.01, 0.25205000315773524, 0.0010235539074996483, 0.27487266050362774]",104,109,47,0.01,0.2521,0.001024,0.2749,0.7349,198,96,31,154
9,"[173, 71, 46, 0.0021291623022691745, 0.25205000315773524, 0.0010235539074996483, 0.010294092227821202]",173,71,46,0.002129,0.2521,0.001024,0.0103,0.6973,209,125,20,125
9,"[173, 93, 46, 0.0021291623022691745, 0.25205000315773524, 0.01, 0.010294092227821202]",173,93,46,0.002129,0.2521,0.01,0.0103,0.762,200,85,29,165
9,"[173, 93, 46, 0.0021291623022691745, 0.25205000315773524, 0.0010235539074996483, 0.010294092227821202]",173,93,46,0.002129,0.2521,0.001024,0.0103,0.7474,200,92,29,158
9,"[173, 71, 46, 0.0021291623022691745, 0.28671416570848013, 0.0010235539074996483, 0.010294092227821202]",173,71,46,0.002129,0.2867,0.001024,0.0103,0.7891,176,48,53,202
9,"[173, 71, 42, 0.0010160172171795624, 0.25205000315773524, 0.001830008647912201, 0.010294092227821202]",173,71,42,0.001016,0.2521,0.00183,0.0103,0.785,153,27,76,223
9,"[173, 71, 45, 0.0001, 0.25205000315773524, 0.0010235539074996483, 0.010294092227821202]",173,71,45,0.0001,0.2521,0.001024,0.0103,0.4781,229,250,0,0
9,"[173, 93, 46, 0.0021291623022691745, 0.25205000315773524, 0.0010235539074996483, 0.010294092227821202]",173,93,46,0.002129,0.2521,0.001024,0.0103,0.7912,194,65,35,185
9,"[107, 93, 42, 0.0021291623022691745, 0.1287341833369425, 0.002997574347436742, 0.15301347440248034]",107,93,42,0.002129,0.1287,0.002998,0.153,0.7307,212,112,17,138
9,"[173, 71, 46, 0.0021291623022691745, 0.25205000315773524, 0.0010235539074996483, 0.010294092227821202]",173,71,46,0.002129,0.2521,0.001024,0.0103,0.7683,199,81,30,169
9,"[104, 71, 46, 0.0021291623022691745, 0.2342084288825935, 0.007748508663688895, 0.15301347440248034]",104,71,46,0.002129,0.2342,0.007749,0.153,0.7808,192,68,37,182
9,"[173, 71, 47, 0.0021291623022691745, 0.25205000315773524, 0.0010235539074996483, 0.010294092227821202]",173,71,47,0.002129,0.2521,0.001024,0.0103,0.737,208,105,21,145
9,"[173, 71, 46, 0.0021291623022691745, 0.25205000315773524, 0.0010235539074996483, 0.010294092227821202]",173,71,46,0.002129,0.2521,0.001024,0.0103,0.8017,182,48,47,202
9,"[173, 93, 46, 0.0021291623022691745, 0.25205000315773524, 0.0010235539074996483, 0.010294092227821202]",173,93,46,0.002129,0.2521,0.001024,0.0103,0.6827,203,126,26,124
9,"[107, 93, 42, 0.0021291623022691745, 0.1287341833369425, 0.002997574347436742, 0.15301347440248034]",107,93,42,0.002129,0.1287,0.002998,0.153,0.7599,173,59,56,191
9,"[173, 93, 46, 0.0021291623022691745, 0.25205000315773524, 0.0010235539074996483, 0.010294092227821202]",173,93,46,0.002129,0.2521,0.001024,0.0103,0.81,192,54,37,196
9,"[173, 93, 46, 0.0021291623022691745, 0.25205000315773524, 0.0010235539074996483, 0.010294092227821202]",173,93,46,0.002129,0.2521,0.001024,0.0103,0.7954,192,61,37,189
9,"[173, 71, 46, 0.0021291623022691745, 0.25205000315773524, 0.0010235539074996483, 0.010294092227821202]",173,71,46,0.002129,0.2521,0.001024,0.0103,0.8038,199,64,30,186
9,"[107, 71, 46, 0.0021291623022691745, 0.2342084288825935, 0.007748508663688895, 0.15301347440248034]",107,71,46,0.002129,0.2342,0.007749,0.153,0.7912,164,35,65,215
9,"[104, 71, 47, 0.0021291623022691745, 0.25205000315773524, 0.0010235539074996483, 0.15301347440248034]",104,71,47,0.002129,0.2521,0.001024,0.153,0.7766,186,64,43,186
9,"[107, 93, 46, 0.0021291623022691745, 0.25205000315773524, 0.002997574347436742, 0.15301347440248034]",107,93,46,0.002129,0.2521,0.002998,0.153,0.7328,202,101,27,149
9,"[173, 93, 46, 0.001019749811010774, 0.2929638141970955, 0.0010235539074996483, 0.010294092227821202]",173,93,46,0.00102,0.293,0.001024,0.0103,0.7474,195,87,34,163
9,"[173, 71, 45, 0.004414139818276098, 0.25205000315773524, 0.0010235539074996483, 0.010294092227821202]",173,71,45,0.004414,0.2521,0.001024,0.0103,0.7203,207,112,22,138
9,"[173, 71, 46, 0.0021291623022691745, 0.25205000315773524, 0.0010235539074996483, 0.010294092227821202]",173,71,46,0.002129,0.2521,0.001024,0.0103,0.7683,195,77,34,173
9,"[173, 93, 46, 0.0021291623022691745, 0.25205000315773524, 0.0010235539074996483, 0.010294092227821202]",173,93,46,0.002129,0.2521,0.001024,0.0103,0.6973,210,126,19,124
9,"[173, 93, 46, 0.0021291623022691745, 0.14933390452838247, 0.0010235539074996483, 0.010294092227821202]",173,93,46,0.002129,0.1493,0.001024,0.0103,0.7787,182,59,47,191
9,"[107, 71, 46, 0.0010160172171795624, 0.25205000315773524, 0.0010235539074996483, 0.010294092227821202]",107,71,46,0.001016,0.2521,0.001024,0.0103,0.6994,200,115,29,135
9,"[173, 71, 46, 0.0021291623022691745, 0.25205000315773524, 0.0010235539074996483, 0.15301347440248034]",173,71,46,0.002129,0.2521,0.001024,0.153,0.7912,190,61,39,189
9,"[107, 93, 42, 0.0010160172171795624, 0.1287341833369425, 0.002997574347436742, 0.15301347440248034]",107,93,42,0.001016,0.1287,0.002998,0.153,0.7975,170,38,59,212
9,"[172, 93, 46, 0.0021291623022691745, 0.25205000315773524, 0.0001, 0.010294092227821202]",172,93,46,0.002129,0.2521,0.0001,0.0103,0.6347,218,164,11,86
9,"[173, 70, 46, 0.0010160172171795624, 0.25205000315773524, 0.0010235539074996483, 0.010294092227821202]",173,70,46,0.001016,0.2521,0.001024,0.0103,0.6242,216,167,13,83
9,"[173, 71, 46, 0.0021291623022691745, 0.25205000315773524, 0.01, 0.01]",173,71,46,0.002129,0.2521,0.01,0.01,0.6117,222,179,7,71
9,"[107, 93, 46, 0.0021291623022691745, 0.25205000315773524, 0.0010235539074996483, 0.0859256089078573]",107,93,46,0.002129,0.2521,0.001024,0.0859,0.7578,198,85,31,165
9,"[106, 71, 46, 0.01, 0.25205000315773524, 0.0010235539074996483, 0.010294092227821202]",106,71,46,0.01,0.2521,0.001024,0.0103,0.7766,184,62,45,188
9,"[173, 71, 45, 0.004414139818276098, 0.14539698280732616, 0.0010235539074996483, 0.010294092227821202]",173,71,45,0.004414,0.1454,0.001024,0.0103,0.7495,201,92,28,158
9,"[173, 93, 42, 0.0021291623022691745, 0.25205000315773524, 0.0010235539074996483, 0.010294092227821202]",173,93,42,0.002129,0.2521,0.001024,0.0103,0.7453,195,88,34,162
10,"[173, 71, 45, 0.004414139818276098, 0.14539698280732616, 0.0010235539074996483, 0.010294092227821202]",173,71,45,0.004414,0.1454,0.001024,0.0103,0.7557,205,93,24,157
10,"[173, 71, 45, 0.004414139818276098, 0.14539698280732616, 0.0010235539074996483, 0.010294092227821202]",173,71,45,0.004414,0.1454,0.001024,0.0103,0.7537,207,96,22,154
10,"[173, 71, 45, 0.0021291623022691745, 0.25205000315773524, 0.0010235539074996483, 0.01]",173,71,45,0.002129,0.2521,0.001024,0.01,0.8038,164,29,65,221
10,"[173, 71, 47, 0.0021291623022691745, 0.25205000315773524, 0.0001, 0.010294092227821202]",173,71,47,0.002129,0.2521,0.0001,0.0103,0.785,175,49,54,201
10,"[173, 93, 46, 0.0021291623022691745, 0.25205000315773524, 0.0010235539074996483, 0.010294092227821202]",173,93,46,0.002129,0.2521,0.001024,0.0103,0.7996,175,42,54,208
10,"[107, 71, 46, 0.0021291623022691745, 0.2342084288825935, 0.007748508663688895, 0.15301347440248034]",107,71,46,0.002129,0.2342,0.007749,0.153,0.6639,213,145,16,105
10,"[173, 93, 46, 0.0021291623022691745, 0.25205000315773524, 0.0010235539074996483, 0.010294092227821202]",173,93,46,0.002129,0.2521,0.001024,0.0103,0.7933,174,44,55,206
10,"[173, 71, 46, 0.0021291623022691745, 0.28671416570848013, 0.0010235539074996483, 0.051830683553461786]",173,71,46,0.002129,0.2867,0.001024,0.0518,0.7954,178,47,51,203
10,"[107, 71, 46, 0.0021291623022691745, 0.2342084288825935, 0.007748508663688895, 0.15301347440248034]",107,71,46,0.002129,0.2342,0.007749,0.153,0.739,200,96,29,154
10,"[104, 71, 47, 0.0021291623022691745, 0.25205000315773524, 0.0010235539074996483, 0.15301347440248034]",104,71,47,0.002129,0.2521,0.001024,0.153,0.739,204,100,25,150
10,"[173, 71, 45, 0.0021291623022691745, 0.25205000315773524, 0.0010235539074996483, 0.010294092227821202]",173,71,45,0.002129,0.2521,0.001024,0.0103,0.7704,195,76,34,174
10,"[173, 93, 46, 0.0021291623022691745, 0.25205000315773524, 0.0010235539074996483, 0.01]",173,93,46,0.002129,0.2521,0.001024,0.01,0.6576,221,156,8,94
10,"[104, 71, 46, 0.0021291623022691745, 0.2342084288825935, 0.007748508663688895, 0.15301347440248034]",104,71,46,0.002129,0.2342,0.007749,0.153,0.7578,195,82,34,168
10,"[107, 71, 46, 0.004414139818276098, 0.25205000315773524, 0.0010235539074996483, 0.010294092227821202]",107,71,46,0.004414,0.2521,0.001024,0.0103,0.7766,193,71,36,179
10,"[173, 71, 45, 0.0021291623022691745, 0.25205000315773524, 0.0010235539074996483, 0.010294092227821202]",173,71,45,0.002129,0.2521,0.001024,0.0103,0.6827,214,137,15,113
10,"[173, 71, 46, 0.0021291623022691745, 0.25205000315773524, 0.0010235539074996483, 0.01]",173,71,46,0.002129,0.2521,0.001024,0.01,0.8142,157,17,72,233
10,"[173, 71, 46, 0.0021291623022691745, 0.25205000315773524, 0.0010235539074996483, 0.010294092227821202]",173,71,46,0.002129,0.2521,0.001024,0.0103,0.7996,169,36,60,214
10,"[172, 92, 46, 0.001019749811010774, 0.2929638141970955, 0.0001, 0.010294092227821202]",172,92,46,0.00102,0.293,0.0001,0.0103,0.7557,184,72,45,178
10,"[173, 71, 45, 0.0021291623022691745, 0.25205000315773524, 0.0010235539074996483, 0.01]",173,71,45,0.002129,0.2521,0.001024,0.01,0.7912,167,38,62,212
10,"[173, 93, 46, 0.0021291623022691745, 0.25205000315773524, 0.0010235539074996483, 0.010294092227821202]",173,93,46,0.002129,0.2521,0.001024,0.0103,0.7683,193,75,36,175
10,"[107, 71, 46, 0.0021291623022691745, 0.25205000315773524, 0.007748508663688895, 0.15301347440248034]",107,71,46,0.002129,0.2521,0.007749,0.153,0.7808,175,51,54,199
10,"[173, 93, 46, 0.0021291623022691745, 0.2342084288825935, 0.0010235539074996483, 0.010294092227821202]",173,93,46,0.002129,0.2342,0.001024,0.0103,0.714,204,112,25,138
10,"[173, 93, 46, 0.0021291623022691745, 0.25205000315773524, 0.01, 0.010294092227821202]",173,93,46,0.002129,0.2521,0.01,0.0103,0.6388,218,162,11,88
10,"[107, 71, 46, 0.0010160172171795624, 0.25205000315773524, 0.0010235539074996483, 0.010294092227821202]",107,71,46,0.001016,0.2521,0.001024,0.0103,0.7453,183,76,46,174
10,"[107, 93, 42, 0.0010160172171795624, 0.14933390452838247, 0.01, 0.010294092227821202]",107,93,42,0.001016,0.1493,0.01,0.0103,0.7035,206,119,23,131
10,"[173, 93, 46, 0.0021291623022691745, 0.1287341833369425, 0.002997574347436742, 0.15301347440248034]",173,93,46,0.002129,0.1287,0.002998,0.153,0.6743,218,145,11,105
10,"[173, 71, 46, 0.0021291623022691745, 0.25205000315773524, 0.0010235539074996483, 0.010294092227821202]",173,71,46,0.002129,0.2521,0.001024,0.0103,0.7954,197,66,32,184
10,"[173, 71, 45, 0.004414139818276098, 0.14539698280732616, 0.0010235539074996483, 0.010294092227821202]",173,71,45,0.004414,0.1454,0.001024,0.0103,0.7474,199,91,30,159
10,"[104, 71, 46, 0.001019749811010774, 0.2929638141970955, 0.0010235539074996483, 0.15301347440248034]",104,71,46,0.00102,0.293,0.001024,0.153,0.7662,161,44,68,206
10,"[106, 92, 46, 0.01, 0.25205000315773524, 0.0009986483254478943, 0.1516649109607253]",106,92,46,0.01,0.2521,0.000999,0.1517,0.7015,212,126,17,124
10,"[173, 93, 46, 0.0021291623022691745, 0.25205000315773524, 0.0010235539074996483, 0.010294092227821202]",173,93,46,0.002129,0.2521,0.001024,0.0103,0.7119,212,121,17,129
10,"[173, 93, 46, 0.0021291623022691745, 0.25205000315773524, 0.0010235539074996483, 0.010294092227821202]",173,93,46,0.002129,0.2521,0.001024,0.0103,0.7724,196,76,33,174
10,"[173, 71, 46, 0.0021291623022691745, 0.25205000315773524, 0.0010235539074996483, 0.01]",173,71,46,0.002129,0.2521,0.001024,0.01,0.762,200,85,29,165
10,"[173, 71, 45, 0.0021291623022691745, 0.25205000315773524, 0.0010235539074996483, 0.010294092227821202]",173,71,45,0.002129,0.2521,0.001024,0.0103,0.7829,187,62,42,188
10,"[173, 93, 42, 0.0021291623022691745, 0.25205000315773524, 0.0010235539074996483, 0.010294092227821202]",173,93,42,0.002129,0.2521,0.001024,0.0103,0.7871,198,71,31,179
10,"[173, 93, 46, 0.0021291623022691745, 0.25205000315773524, 0.0010235539074996483, 0.010294092227821202]",173,93,46,0.002129,0.2521,0.001024,0.0103,0.7244,209,112,20,138
10,"[173, 93, 46, 0.0021291623022691745, 0.25205000315773524, 0.0010235539074996483, 0.010294092227821202]",173,93,46,0.002129,0.2521,0.001024,0.0103,0.7704,193,74,36,176
10,"[107, 71, 46, 0.0021291623022691745, 0.2342084288825935, 0.007748508663688895, 0.08780751699646655]",107,71,46,0.002129,0.2342,0.007749,0.0878,0.7537,195,84,34,166
10,"[107, 93, 46, 0.0010160172171795624, 0.25205000315773524, 0.01, 0.0859256089078573]",107,93,46,0.001016,0.2521,0.01,0.0859,0.7808,182,58,47,192
10,"[173, 71, 42, 0.0021291623022691745, 0.25205000315773524, 0.0010235539074996483, 0.010294092227821202]",173,71,42,0.002129,0.2521,0.001024,0.0103,0.7599,201,87,28,163
10,"[107, 93, 46, 0.0021291623022691745, 0.25205000315773524, 0.007748508663688895, 0.15301347440248034]",107,93,46,0.002129,0.2521,0.007749,0.153,0.5929,221,187,8,63
10,"[173, 71, 46, 0.0021291623022691745, 0.3, 0.0010235539074996483, 0.010294092227821202]",173,71,46,0.002129,0.3,0.001024,0.0103,0.7745,188,67,41,183
10,"[107, 71, 46, 0.0021291623022691745, 0.2342084288825935, 0.007748508663688895, 0.15301347440248034]",107,71,46,0.002129,0.2342,0.007749,0.153,0.7035,202,115,27,135
10,"[107, 93, 42, 0.0001, 0.1287341833369425, 0.002997574347436742, 0.15301347440248034]",107,93,42,0.0001,0.1287,0.002998,0.153,0.6367,198,143,31,107
10,"[107, 71, 45, 0.004414139818276098, 0.14539698280732616, 0.0010235539074996483, 0.2629015325551513]",107,71,45,0.004414,0.1454,0.001024,0.2629,0.7474,200,92,29,158
10,"[173, 93, 42, 0.0010160172171795624, 0.1287341833369425, 0.002997574347436742, 0.010294092227821202]",173,93,42,0.001016,0.1287,0.002998,0.0103,0.7724,209,89,20,161
10,"[173, 93, 46, 0.0021291623022691745, 0.25205000315773524, 0.0010235539074996483, 0.010294092227821202]",173,93,46,0.002129,0.2521,0.001024,0.0103,0.7537,189,78,40,172
10,"[173, 71, 46, 0.0021291623022691745, 0.25205000315773524, 0.0010235539074996483, 0.010294092227821202]",173,71,46,0.002129,0.2521,0.001024,0.0103,0.7307,195,95,34,155
10,"[107, 93, 42, 0.0021291623022691745, 0.1287341833369425, 0.002997574347436742, 0.15301347440248034]",107,93,42,0.002129,0.1287,0.002998,0.153,0.7787,200,77,29,173
10,"[173, 93, 46, 0.0021291623022691745, 0.25205000315773524, 0.0010235539074996483, 0.010294092227821202]",173,93,46,0.002129,0.2521,0.001024,0.0103,0.6576,213,148,16,102
